"","County","State","CODE","Beetle","CornAndSoy","DevelopedLand","GrassPasture","GrassHay","DeciduousForest","ForestWetlandsShrub","AvgTemp","MaxTemp","MinTemp","Precipitation","coVARAvgTemp","coVARMaxTemp","coVARMinTemp","coVARPrecipitation"
"1","Allen","KS","Allen_KS",0,0.318840763,0.05394404,0.05394404,0.45237496,0.12610122,0.13670205,56.76,66.98,46.52,48.036,0.0187944120551016,0.0227991748806463,0.0156050657032515,0.200018567369091
"2","Anderson","KS","Anderson_KS",0,0.346716611,0.04241108,0.04241108,0.44293522,0.12473327,0.14172891,56.14,66.24,46.06,43.75,0.0185798429788461,0.0207982972213702,0.0192113085589483,0.196066594267752
"3","Atchison","KS","Atchison_KS",1,0.477262503,0.05235578,0.05235578,0.25148036,0.16831877,0.17743734,54.32,65.02,43.64,37.458,0.021602658927402,0.0232332975709403,0.0197519357832355,0.144368507176362
"4","Barber","KS","Barber_KS",0,0.02738314,0.02159449,0.02159449,0.70093096,0.02847335,0.03324838,57.6,70.52,44.68,30.05,0.0150851972196031,0.0156434661038249,0.0146251649531822,0.202394162740193
"5","Barton","KS","Barton_KS",1,0.123367571,0.05094773,0.05094773,0.23393791,0.01369247,0.03795128,54.7,67.18,42.22,27.476,0.0206022443685277,0.0228528196225368,0.0189779494306112,0.132049261060985
"6","Bourbon","KS","Bourbon_KS",1,0.139543067,0.04642029,0.04642029,0.57039094,0.19055499,0.21740296,56.96,67.14,46.8,46.68,0.0220887162746511,0.0229922082429791,0.0219992097029637,0.179862046661583
"7","Brown","KS","Brown_KS",1,0.675949468,0.046163,0.046163,0.16848119,0.08360749,0.08637181,53.56,64.48,42.62,35.622,0.0218773492672621,0.024260064762111,0.0208148804469422,0.165725303971955
"8","Butler","KS","Butler_KS",1,0.157934762,0.04789335,0.04789335,0.65389066,0.06680849,0.07563839,56.94,68.16,45.72,39.332,0.0178497730204031,0.0188628297530812,0.0175932437027036,0.177444919441334
"9","Chase","KS","Chase_KS",0,0.060136066,0.02342444,0.02342444,0.83861959,0.04789772,0.05008962,55.66,66.84,44.44,37.068,0.021989365836571,0.0224815125748197,0.0234714758063102,0.165347586574262
"10","Chautauqua","KS","Chautauqua_KS",0,0.029118395,0.02575671,0.02575671,0.67470577,0.25052914,0.25541246,57.94,69.08,46.72,41.76,0.0178781003280339,0.021037524174389,0.0149369403444931,0.138235951182948
"11","Cherokee","KS","Cherokee_KS",1,0.337539025,0.05771987,0.05771987,0.31708981,0.13683304,0.16975127,58.4,69,47.82,50.08,0.0161540772809189,0.0168078456590481,0.0156069495249229,0.198979750804281
"12","Cheyenne","KS","Cheyenne_KS",0,0.149903592,0.0278688,0.0278688,0.46199787,6.4282e-05,0.00540292,52.36,66.68,38.1,17.856,0.0202840611877032,0.022530466726696,0.0218810131240592,0.218673594670655
"13","Clark","KS","Clark_KS",0,0.003899375,0.03143963,0.03143963,0.73695045,0.00058951,0.00520855,57.44,71.14,43.72,23.9,0.0160318446145144,0.0161071425478001,0.0168391238054035,0.178739951042185
"14","Clay","KS","Clay_KS",0,0.335973606,0.04013653,0.04013653,0.33816271,0.06988952,0.0749794,55.14,66.48,43.8,32.57,0.0243180127556935,0.0266843949962707,0.022427948292681,0.221029916090214
"15","Cloud","KS","Cloud_KS",0,0.317965371,0.04172069,0.04172069,0.34795466,0.05712478,0.0583358,54.66,66.22,43.06,30.938,0.0267506428487878,0.0277508540852247,0.026150837455196,0.182150931658008
"16","Coffey","KS","Coffey_KS",1,0.251695726,0.04304379,0.04304379,0.51384388,0.10078288,0.11669244,56.3,66.96,45.7,41.346,0.0199773035154565,0.0216057411754561,0.0212152291353012,0.220020048833441
"17","Comanche","KS","Comanche_KS",0,0.008466097,0.02515454,0.02515454,0.75314711,0.00296435,0.00776334,57.54,71.02,44.08,26.108,0.0157663099479203,0.0131861839126365,0.0188717190046147,0.154385759635252
"18","Cowley","KS","Cowley_KS",1,0.130672494,0.04650124,0.04650124,0.60289181,0.09100494,0.1004845,57.64,68.98,46.3,40.71,0.0190681910673617,0.0208423674529726,0.0193180818790478,0.236935115292124
"19","Crawford","KS","Crawford_KS",1,0.280996011,0.06854902,0.06854902,0.43829002,0.12333357,0.15438197,57.58,67.96,47.2,49.73,0.0176855152734991,0.0188897075172233,0.0176624279666664,0.211854049597403
"20","Decatur","KS","Decatur_KS",0,0.251297466,0.03136374,0.03136374,0.39242895,0.00034197,0.01077255,52.62,66.5,38.76,21.404,0.0243891101895182,0.0315968441946627,0.0156509297090848,0.235419154776001
"21","Dickinson","KS","Dickinson_KS",1,0.239257022,0.04550361,0.04550361,0.36284675,0.06449363,0.06612855,56.1,67.54,44.66,32.73,0.0233436735360228,0.0249208144121066,0.0222566478097433,0.139195869689787
"22","Doniphan","KS","Doniphan_KS",1,0.572665565,0.04695982,0.04695982,0.11203911,0.17665722,0.19054539,54.02,64.6,43.44,37.204,0.0215642989536075,0.0231940000987178,0.0210732826728283,0.150012964528221
"23","Douglas","KS","Douglas_KS",1,0.208375478,0.11039028,0.11039028,0.37546576,0.21880308,0.24123592,55.78,66.2,45.38,41.438,0.018819682283271,0.0194916735658066,0.0194243286655257,0.211389516357997
"24","Edwards","KS","Edwards_KS",0,0.231033941,0.03938321,0.03938321,0.25931681,0.0009653,0.00959324,55.7,68.98,42.34,27.298,0.0201924988854614,0.021512231721136,0.0199431571399004,0.0986486579330872
"25","Elk","KS","Elk_KS",0,0.049382648,0.02693961,0.02693961,0.74548228,0.15350522,0.1578005,57.12,67.9,46.3,39.43,0.0197060739709457,0.0222380984838608,0.0174130836896297,0.154381676460135
"26","Ellis","KS","Ellis_KS",1,0.029795707,0.04820442,0.04820442,0.5251268,0.00399808,0.01218321,54.48,67.94,41.04,28.1,0.0220799032800228,0.0241766114093932,0.0210032767441617,0.187670381210348
"27","Ellsworth","KS","Ellsworth_KS",0,0.061735315,0.03653702,0.03653702,0.56718294,0.04304483,0.04390996,55.74,68.04,43.4,29.18,0.0231007084360529,0.0243415707077829,0.0219196976848392,0.127268595554403
"28","Finney","KS","Finney_KS",0,0.215938493,0.03823011,0.03823011,0.29390442,0.00124075,0.00311182,55.1,69.86,40.34,19.042,0.0190778548472129,0.0192739319255224,0.0191696727111366,0.196266561001611
"29","Ford","KS","Ford_KS",1,0.090889888,0.04229762,0.04229762,0.26603784,0.0016215,0.00828104,56.02,69.84,42.14,25.484,0.0179131363146049,0.0175539662729403,0.0185795720275874,0.128030366278894
"30","Franklin","KS","Franklin_KS",1,0.310452049,0.05687783,0.05687783,0.401049,0.18552681,0.2007507,56.1,66.28,45.94,42.7,0.0198093678884963,0.020998211735313,0.0193840982680829,0.218624068391896
"31","Geary","KS","Geary_KS",1,0.109544353,0.06904234,0.06904234,0.54550113,0.16784618,0.1721627,55.6,66.42,44.7,34.034,0.0226075631114686,0.0245181607778648,0.0211643041704972,0.139257707255509
"32","Gove","KS","Gove_KS",0,0.206912457,0.031361,0.031361,0.45528498,0.00168602,0.00387018,53.94,67.94,39.9,21.564,0.0220763450450192,0.0244217939749014,0.0201282937396103,0.22479702647244
"33","Graham","KS","Graham_KS",0,0.134008994,0.03011182,0.03011182,0.49931984,0.00043652,0.02053407,53.72,67.28,40.14,23.312,0.0241780648050866,0.0263671013577894,0.0215463361339707,0.250641687141316
"34","Grant","KS","Grant_KS",0,0.23654471,0.03908108,0.03908108,0.11366182,0.00024834,0.13884051,55.54,70.42,40.66,19.332,0.0146051853011691,0.0152084757006422,0.0146123470511687,0.259245718053786
"35","Gray","KS","Gray_KS",0,0.232539501,0.03207462,0.03207462,0.20746526,0.00124003,0.00339711,55.56,69.82,41.24,21.862,0.0190733791097753,0.0184921733275044,0.0203310124308967,0.183616080076684
"36","Greeley","KS","Greeley_KS",0,0.15199302,0.02762237,0.02762237,0.11834651,1.0241e-05,0.00179212,53,68.04,37.98,19.36,0.0152702019398477,0.0157473195014449,0.0164849666587662,0.196709379190084
"37","Greenwood","KS","Greenwood_KS",0,0.05085027,0.02822873,0.02822873,0.79939242,0.09359458,0.09724581,56.5,67.38,45.64,41.5,0.0199065873968177,0.0220480487219399,0.0183709674112661,0.192629616765788
"38","Hamilton","KS","Hamilton_KS",0,0.085066505,0.02446612,0.02446612,0.1989664,0.000549,0.24751629,54.38,69.86,38.86,18.656,0.015407399827623,0.0165885881543867,0.0146250872242747,0.244474927553555
"39","Harper","KS","Harper_KS",0,0.033198524,0.04040982,0.04040982,0.37568525,0.02675961,0.02776378,57.94,69.92,45.92,32.14,0.0155620491250947,0.0170848262688993,0.0138073758572713,0.191074038729391
"40","Harvey","KS","Harvey_KS",1,0.439274155,0.064972,0.064972,0.19141096,0.05074698,0.0526574,57.02,68.78,45.2,33.424,0.0183686018558767,0.0193812392375493,0.0199728651385706,0.169251441796125
"41","Haskell","KS","Haskell_KS",0,0.366372826,0.04696354,0.04696354,0.09245224,0.00051595,0.01762285,55.62,70.22,40.98,20.258,0.0153297905410228,0.0163430105986269,0.0156630615284345,0.193726688552223
"42","Hodgeman","KS","Hodgeman_KS",0,0.048931581,0.03070301,0.03070301,0.48402484,0.00070403,0.00486793,55.78,69.68,41.9,24.726,0.019532006023614,0.0186677526308945,0.0208745294564868,0.111894370322737
"43","Jackson","KS","Jackson_KS",1,0.209888889,0.04073496,0.04073496,0.55599455,0.15730666,0.16725411,54.26,65.18,43.3,34.954,0.0225190525530497,0.0255666357317845,0.0191838888289101,0.190525136022273
"44","Jefferson","KS","Jefferson_KS",1,0.254640499,0.05126995,0.05126995,0.3570005,0.24747448,0.26988668,55.06,65.5,44.62,37.862,0.0199203335752942,0.0215370014956731,0.0187775527258211,0.200791107845497
"45","Jewell","KS","Jewell_KS",0,0.312653926,0.03817119,0.03817119,0.36003618,0.0559871,0.0573933,53.38,65.34,41.38,28.544,0.0264734451883694,0.0278357944154017,0.0246092791070101,0.219864807378829
"46","Johnson","KS","Johnson_KS",1,0.130762132,0.45999359,0.45999359,0.23974354,0.13088486,0.1393293,55.54,65.64,45.44,41.282,0.0185635382337515,0.0183954403999069,0.0199646451233129,0.160058227361009
"47","Kearny","KS","Kearny_KS",0,0.122742251,0.03208557,0.03208557,0.2587931,0.00048628,0.09409275,54.88,69.9,39.84,18.916,0.0168192139347148,0.0168363409097852,0.0185810798426925,0.179409202031326
"48","Kingman","KS","Kingman_KS",1,0.065003839,0.03655853,0.03655853,0.46428195,0.03850879,0.03974221,56.84,68.9,44.82,33.474,0.0183931457265097,0.0196606925749551,0.0163499071490953,0.167068959822456
"49","Kiowa","KS","Kiowa_KS",0,0.090522383,0.03626892,0.03626892,0.56991502,0.00082888,0.00469979,56.3,69.6,43,26.932,0.0191302479827158,0.0196214084536604,0.0199377072087003,0.145317468981031
"50","Labette","KS","Labette_KS",1,0.276363631,0.05867467,0.05867467,0.49411742,0.12022419,0.1296015,58.18,68.86,47.5,49.44,0.01495458008536,0.0173234916740594,0.0127189957616784,0.183494494599393
"51","Lane","KS","Lane_KS",0,0.110510198,0.0243973,0.0243973,0.36681467,0.00183214,0.00289575,54.54,68.88,40.14,20.24,0.0218334809631158,0.0229870917116113,0.0205133919783148,0.129467382099506
"52","Leavenworth","KS","Leavenworth_KS",1,0.175342114,0.09047014,0.09047014,0.3672827,0.29824022,0.3167473,55.42,65.72,45.14,40.27,0.018638703007747,0.0188949014927272,0.0195401657697829,0.167237838888957
"53","Lincoln","KS","Lincoln_KS",0,0.116100504,0.0324498,0.0324498,0.49471238,0.03744146,0.03814687,55.24,67.92,42.6,28.354,0.0239340968588536,0.025889404758932,0.0223313352000475,0.110839754101618
"54","Linn","KS","Linn_KS",1,0.222806199,0.04926813,0.04926813,0.40066152,0.24094004,0.28513998,56.48,66.56,46.38,45.632,0.0186285530277091,0.0205889633571225,0.0196666739991227,0.16503275904038
"55","Logan","KS","Logan_KS",0,0.215545504,0.02201948,0.02201948,0.46118968,0.00035325,0.00155657,53.74,68.24,39.16,20.676,0.0204942834421412,0.0226215835497306,0.0173759201595547,0.200285768390263
"56","Lyon","KS","Lyon_KS",1,0.204340852,0.05093577,0.05093577,0.62639205,0.07852904,0.08304346,55.76,66.78,44.7,37.784,0.021729026156185,0.021787831819547,0.0243015223516783,0.177829978816531
"57","McPerson","KS","McPerson_KS",0,0.266284766,0.0414321,0.0414321,0.42998359,0.05391144,0.05566916,56.5,68.36,44.62,31.582,0.0215682435521309,0.0218106032295889,0.0223778322122216,0.166108797301608
"58","Marion","KS","Marion_KS",0,0.499971689,0.04014316,0.04014316,0.2726185,0.10945994,0.11323907,56.2,67.64,44.74,32.878,0.0225073143072482,0.0231550207852622,0.0221605624639168,0.181772408443407
"59","Marshall","KS","Marshall_KS",1,0.245705235,0.05400067,0.05400067,0.2699881,0.04722464,0.0479192,53.42,65.14,41.72,33.65,0.0295804916138199,0.0310579737169359,0.029667782256502,0.239261116366355
"60","Meade","KS","Meade_KS",0,0.168353905,0.02763488,0.02763488,0.52340096,0.00336911,0.02234938,56.82,70.8,42.82,23.586,0.0165752688179811,0.0170372006805294,0.0171135646525561,0.170456596482406
"61","Miami","KS","Miami_KS",1,0.192978216,0.06511356,0.06511356,0.49251896,0.19121431,0.2091157,55.86,65.88,45.84,43.162,0.0178391309249597,0.0191220686439265,0.0191798469810936,0.148722676669515
"62","Mitchell","KS","Mitchell_KS",0,0.213499452,0.0404629,0.0404629,0.27719975,0.03179355,0.03321201,54.18,66.56,41.8,27.582,0.0255547746604968,0.0269722290745329,0.0248043556857987,0.20023482588892
"63","Montgomery","KS","Montgomery_KS",1,0.193142539,0.06732399,0.06732399,0.44772198,0.21008231,0.22624974,58.34,69.04,47.6,45.662,0.0153600046741309,0.0178751283533892,0.0123396429878894,0.156750763280787
"64","Morris","KS","Morris_KS",1,0.168277271,0.03526223,0.03526223,0.659139,0.06312368,0.06407277,55.36,66.38,44.4,35.07,0.0224381414549934,0.0221508602298437,0.0226908127022634,0.155219334057502
"65","Morton","KS","Morton_KS",0,0.117548885,0.03099727,0.03099727,0.31886864,0.00033328,0.15741817,56.08,70.88,41.3,17.24,0.0147259791883471,0.0141927498193671,0.0168624555413851,0.247836323128359
"66","Nemaha","KS","Nemaha_KS",1,0.521252449,0.04120605,0.04120605,0.290979,0.09932497,0.10181475,53.14,64.36,41.92,33.48,0.0264996298089044,0.0293903076846504,0.0240568744951884,0.247777814935271
"67","Neosho","KS","Neosho_KS",1,0.260682491,0.05174181,0.05174181,0.4896184,0.13788397,0.15270335,57.38,67.72,47,49.478,0.0180861991134466,0.02117874378536,0.0145087039329636,0.189226500632012
"68","Ness","KS","Ness_KS",0,0.046385688,0.03188687,0.03188687,0.49531774,0.00055218,0.00634708,54.98,68.68,41.3,23.284,0.0213433327198341,0.0212100847229239,0.0211777913856367,0.113962521243645
"69","Norton","KS","Norton_KS",0,0.275735387,0.03592542,0.03592542,0.46639142,0.00043485,0.02221066,52.6,66.22,38.96,23.042,0.0273856659522584,0.0317376322231257,0.0207413797236518,0.207276827288809
"70","Osage","KS","Osage_KS",1,0.242571658,0.04734135,0.04734135,0.49611519,0.14715444,0.1601315,56.2,66.82,45.6,39.36,0.0202487663287207,0.0215421181867065,0.020513472515208,0.218144614392841
"71","Osborne","KS","Osborne_KS",0,0.138158714,0.03260539,0.03260539,0.47765359,0.02754322,0.03049238,54.06,66.96,41.26,27.198,0.0241750784353748,0.0257719275461296,0.0221867038125949,0.191886147083882
"72","Ottawa","KS","Ottawa_KS",0,0.180438118,0.03661667,0.03661667,0.46641568,0.05177637,0.05254233,55.72,67.54,43.88,30.296,0.024024695665013,0.0264568663215005,0.0211586041721699,0.159271884964319
"73","Pawnee","KS","Pawnee_KS",0,0.142901223,0.04278865,0.04278865,0.20143495,0.00171013,0.01112785,55,67.88,42.14,26.65,0.0206105164522812,0.0210774024354502,0.0210653450604386,0.0948757318255737
"74","Phillips","KS","Phillips_KS",0,0.192961695,0.04362878,0.04362878,0.48081724,0.01019337,0.03208808,53.16,66.12,40.22,23.66,0.0262211314698312,0.0291975796248237,0.0226787752381728,0.203663449043905
"75","Pottawatomie","KS","Pottawatomie_KS",1,0.147350402,0.04298802,0.04298802,0.60727918,0.13905825,0.14850012,54.52,65.3,43.74,33.856,0.0229969596752128,0.0253721922293735,0.0217853301318182,0.244935984256263
"76","Pratt","KS","Pratt_KS",1,0.197802053,0.04154021,0.04154021,0.2795203,0.00554531,0.01428281,56.28,68.86,43.64,27.758,0.0215209266931624,0.0222052279100173,0.021654142355504,0.159034048752067
"77","Rawlins","KS","Rawlins_KS",0,0.198748234,0.02825983,0.02825983,0.42009794,0.00034792,0.00746021,52.4,66.46,38.32,20.042,0.0227011016285693,0.0279195345869639,0.017833350274812,0.275136150981312
"78","Reno","KS","Reno_KS",1,0.15725146,0.05963359,0.05963359,0.34720642,0.0456935,0.05011304,56.44,68.42,44.4,30.758,0.020224845039158,0.0211901136503238,0.0203327365825088,0.148322436096151
"79","Republic","KS","Republic_KS",0,0.49808766,0.04134402,0.04134402,0.24598456,0.06054073,0.06282396,53.5,65.04,41.96,29.56,0.0269897739779321,0.0276025763714776,0.0263558938054323,0.213913343093083
"80","Rice","KS","Rice_KS",0,0.179891722,0.04715041,0.04715041,0.26270005,0.03527645,0.03737502,55.74,67.86,43.58,30.15,0.0210599649671032,0.0221925736481187,0.0207407187489246,0.144397313016712
"81","Riley","KS","Riley_KS",1,0.154076693,0.07456681,0.07456681,0.513306,0.16226726,0.17482055,55.06,66.04,44.1,33.8,0.0226333855135116,0.0244068936504649,0.0218088254667476,0.210860418695408
"82","Rooks","KS","Rooks_KS",0,0.090760643,0.03525758,0.03525758,0.48865915,0.01002656,0.02596465,53.94,67.3,40.6,25.024,0.0238715885840858,0.026434542161452,0.0193941080640685,0.218277908225549
"83","Rush","KS","Rush_KS",0,0.040346374,0.04111638,0.04111638,0.35074935,0.00238964,0.00863304,54.66,67.86,41.5,27.27,0.020883466044824,0.0222658408452797,0.0192016595789267,0.176076226333055
"84","Russell","KS","Russell_KS",0,0.03575057,0.040046,0.040046,0.59889237,0.02102575,0.02236906,55.08,68.04,42.14,26.818,0.0223613932283256,0.0245404250026359,0.0203169006103502,0.145064866831474
"85","Saline","KS","Saline_KS",0,0.153847304,0.06780754,0.06780754,0.41989594,0.05633147,0.05738078,56.58,68.52,44.62,30.096,0.0248193562128553,0.0266000504159353,0.023366044856976,0.163697832848842
"86","Scott","KS","Scott_KS",0,0.281746541,0.03143615,0.03143615,0.15877151,0.00024121,0.00112921,54.36,68.98,39.7,18.67,0.0200928144531466,0.0217067404862219,0.0192658168019878,0.128687881914665
"87","Sedgwick","KS","Sedgwick_KS",1,0.245840023,0.20426666,0.20426666,0.22006668,0.05085158,0.05362952,57.64,69.24,46,33.964,0.0165317546836525,0.0173490662858986,0.0152173913043478,0.186183424277467
"88","Seward","KS","Seward_KS",0,0.218844222,0.04559337,0.04559337,0.11073352,0.00114588,0.32361244,56.46,70.78,42.12,21.372,0.0137536441079116,0.0149319328517834,0.0131546962746392,0.186592401539812
"89","Shawnee","KS","Shawnee_KS",1,0.212087168,0.16759936,0.16759936,0.40905772,0.15897888,0.18004551,55.66,66.58,44.76,36.692,0.0194583407352674,0.0208495682699117,0.0195790011619363,0.17810994275533
"90","Sheridan","KS","Sheridan_KS",0,0.330068071,0.03305013,0.03305013,0.349171,0.00100727,0.00846246,53.24,67.12,39.42,22.234,0.0203861210386403,0.023730576330012,0.0148353034167564,0.271957173334447
"91","Sherman","KS","Sherman_KS",0,0.331256418,0.03527797,0.03527797,0.24520248,8.2852e-05,0.00085544,52.52,66.98,38.02,19.806,0.0189640511774391,0.0218761493168949,0.0166763466429745,0.219513328842633
"92","Smith","KS","Smith_KS",0,0.296732022,0.03680614,0.03680614,0.3691434,0.03023599,0.0370522,53.16,65.6,40.68,25.988,0.0262211314698312,0.0276289160981583,0.0249723207457233,0.163608844424222
"93","Stafford","KS","Stafford_KS",0,0.167993801,0.04017246,0.04017246,0.29696594,0.00759395,0.039153,55.34,67.6,43,27.772,0.0226993982615717,0.0232017561262694,0.0221236018493493,0.123200718686332
"94","Stanton","KS","Stanton_KS",0,0.243481845,0.0285154,0.0285154,0.19646213,0.00028658,0.05119573,55.34,70.46,40.2,17.254,0.0146021711968463,0.0149728661877978,0.0141812863818301,0.276836649031436
"95","Stevens","KS","Stevens_KS",0,0.355261799,0.03908599,0.03908599,0.1190498,3.5858e-05,0.18362697,56.18,70.7,41.6,20.95,0.0127365922534698,0.0133436791118199,0.0151079388100679,0.225798865533953
"96","Sumner","KS","Sumner_KS",0,0.247616072,0.04480859,0.04480859,0.18011208,0.04103311,0.0526266,58.22,69.76,46.74,36.216,0.0175332190383715,0.0182340351102728,0.0171560292654938,0.234574429817681
"97","Thomas","KS","Thomas_KS",1,0.458816944,0.03745476,0.03745476,0.15616333,0.00029392,0.00133834,52.68,67.14,38.24,21.274,0.0205064112009209,0.0244420056297062,0.0139115440149272,0.25690291847387
"98","Trego","KS","Trego_KS",0,0.074985323,0.03193269,0.03193269,0.48650676,0.0003435,0.0138846,54.18,67.68,40.66,22.244,0.0237586770100126,0.0238566888075114,0.022514102294827,0.206294540162185
"99","Wabaunsee","KS","Wabaunsee_KS",1,0.117996486,0.03139788,0.03139788,0.74573886,0.08070699,0.08310595,55.3,66.06,44.48,36.092,0.0213580683743539,0.0215839099275054,0.0209939164207351,0.181428136590596
"100","Wallace","KS","Wallace_KS",0,0.189890625,0.02619503,0.02619503,0.48634886,9.4365e-05,0.00241195,53.12,67.7,38.6,19.348,0.0198961258894809,0.0204406979366293,0.0211263036661918,0.260070580208088
"101","Washington","KS","Washington_KS",0,0.412738669,0.03961151,0.03961151,0.36386945,0.07823981,0.07984318,53.56,65,42.1,32.648,0.0279935247408384,0.029831876045639,0.0256378065854192,0.224816859914855
"102","Wichita","KS","Wichita_KS",0,0.249490138,0.031046,0.031046,0.1902281,7.0678e-05,0.00039819,53.78,68.6,38.98,19.13,0.0185663606044873,0.0190064210064217,0.017994538652386,0.166151716793036
"103","Wilson","KS","Wilson_KS",0,0.313270643,0.0463585,0.0463585,0.40199166,0.1839657,0.19906169,57.7,68.08,47.36,43.966,0.0185450039506349,0.0214725050723909,0.0147502104700786,0.20104069633367
"104","Woodson","KS","Woodson_KS",0,0.186612141,0.03549767,0.03549767,0.57847834,0.15520856,0.16028372,56.94,67.36,46.46,43.14,0.0200087465663872,0.0239746190477273,0.0185530451480929,0.200460250937186
"105","Wyandote","KS","Wyandote_KS",1,0.036771127,0.49485543,0.49485543,0.14474106,0.23718614,0.25029143,55.66,65.9,45.4,39.93,0.0178128559941724,0.0184917414369559,0.0193281153907315,0.179951963200357
"106","Adair","IA","Adair_IA",0,0.62492137,0.04419515,0.21778387,0.229558232,0.04412446,0.0518154,49.38,60,38.88,34.498,0.0306254160042668,0.0302994316044964,0.0294605371672353,0.200878847177774
"107","Adams","IA","Adams_IA",1,0.53452986,0.04013799,0.28151351,0.295011591,0.0794276,0.09436902,50.2,60.9,39.48,35.31,0.0279239955555303,0.0293277029548305,0.0281143605380174,0.177724953555077
"108","Allamakee","IA","Allamakee_IA",1,0.23804999,0.04042529,0.23558495,0.237532459,0.3550753,0.40970881,46.74,56.02,37.48,41.838,0.0269185553916159,0.0279237589407519,0.0256192185360892,0.252274512540427
"109","Appanoose","IA","Appanoose_IA",1,0.21204119,0.04651864,0.35819615,0.371079643,0.26935133,0.29944114,51.18,61.9,40.46,38.81,0.0235441505766191,0.0217644484415307,0.0273330030666322,0.198296953236998
"110","Audubon","IA","Audubon_IA",1,0.77766697,0.04263082,0.12946462,0.133877767,0.02106284,0.02390454,48.76,59.24,38.26,34.306,0.0309197533547734,0.0331777785626227,0.0281867427381974,0.242115861004598
"111","Benton","IA","Benton_IA",1,0.75417546,0.05625269,0.0942687,0.095763086,0.03777898,0.06708461,47.72,57.96,37.44,34.76,0.0307054585340658,0.0310702750262483,0.0299574249846366,0.233886343444745
"112","Black Hawk","IA","Black Hawk_IA",1,0.67303062,0.13056997,0.07897798,0.080165386,0.02004407,0.08554065,47.74,58,37.42,37.986,0.0332717933968367,0.0325081166120083,0.0351190197776579,0.2920015049472
"113","Boone","IA","Boone_IA",1,0.72975791,0.05886393,0.07114596,0.073303204,0.09836606,0.12082792,49.24,59.52,38.9,34.02,0.0310862331573142,0.0326304392105113,0.0306872400676435,0.272976082505884
"114","Bremer","IA","Bremer_IA",1,0.69776135,0.06515788,0.09110884,0.092121611,0.04203727,0.11701857,47.18,57.26,37.1,41.534,0.0317011528032968,0.031811697727038,0.0331218483219529,0.273533938130605
"115","Buchanan","IA","Buchanan_IA",1,0.76730886,0.05770012,0.08208084,0.08347676,0.03443809,0.06404458,46.9,57.1,36.72,39.096,0.0312641328328682,0.0311320294827166,0.032588835079851,0.23184202099009
"116","Buena Vista","IA","Buena Vista_IA",0,0.82910418,0.05354522,0.06347015,0.06451916,0.00371084,0.03055158,47.28,56.96,37.62,29.884,0.0363088588794454,0.038254750561699,0.0343715680494303,0.189681635495783
"117","Butler","IA","Butler_IA",1,0.74437203,0.04898245,0.0959235,0.096793593,0.02798341,0.08240594,47.32,57.28,37.4,37.696,0.0323061064858799,0.0336810153347952,0.032856165046643,0.252693957650885
"118","Calhoun","IA","Calhoun_IA",0,0.85755099,0.05087061,0.0494173,0.050097529,0.00631353,0.02503757,48.28,58.54,38.08,32.52,0.0349176313386686,0.0362894134464165,0.0348582846765654,0.241079371074293
"119","Carroll","IA","Carroll_IA",1,0.8362962,0.05683812,0.06460893,0.066279587,0.01368084,0.02313299,48.82,59.2,38.44,32.62,0.0328501764796878,0.0350684788716667,0.0299224081883676,0.255151266169971
"120","Cass","IA","Cass_IA",0,0.71774101,0.05076591,0.16700704,0.173465846,0.02965366,0.03873847,49.86,60.42,39.28,34.228,0.0289462534757532,0.0316072826907443,0.0270265418067011,0.243919025396644
"121","Cedar","IA","Cedar_IA",1,0.72519074,0.05189715,0.09877462,0.1008333,0.06452152,0.09562941,49.16,59.18,39.18,38.622,0.0235296887565846,0.0222381667811586,0.0279825831008999,0.18982294090074
"122","Cerro Gordo","IA","Cerro Gordo_IA",1,0.75388868,0.07826949,0.08169661,0.082464623,0.01960208,0.05449484,46.4,56.18,36.66,36.592,0.0339738852811087,0.0365310744958784,0.0317290038703663,0.255145307588763
"123","Cherokee","IA","Cherokee_IA",1,0.76977966,0.04851605,0.10959427,0.113761719,0.00723685,0.05066665,47.24,57.34,37.14,30.74,0.0384428375771444,0.0418664966627307,0.0334457595839643,0.221716549802367
"124","Chickasaw","IA","Chickasaw_IA",1,0.76977966,0.04851605,0.10959427,0.113761719,0.00723685,0.05066665,46.08,55.88,36.26,42.904,0.0329618308848821,0.03339319595361,0.0349171638952375,0.233031332631711
"125","Clarke","IA","Clarke_IA",0,0.24003721,0.04322404,0.40169458,0.423673057,0.21532033,0.24340573,50.84,61.22,40.46,35.902,0.0279764367645147,0.0281124827418045,0.0259574411332004,0.168798501252099
"126","Clay","IA","Clay_IA",1,0.73400507,0.05070106,0.08900095,0.094221037,0.00230163,0.07845653,46.72,56.8,36.68,33.202,0.0372702035268474,0.0406648220508842,0.0335786679121094,0.26021774042716
"127","Clayton","IA","Clayton_IA",1,0.38182724,0.04297931,0.17857048,0.181103183,0.29766989,0.3295597,47.18,56.7,37.58,41.974,0.0264051064050826,0.0280251297743751,0.0257580522412561,0.223079269289719
"128","Clinton","IA","Clinton_IA",1,0.6577812,0.06615161,0.09745822,0.098804395,0.02709118,0.11716963,50.04,59.54,40.54,40.368,0.0248638385531508,0.0239474821936682,0.0273903633793612,0.197890325085427
"129","Crawford","IA","Crawford_IA",0,0.78148877,0.04761875,0.10597052,0.10913303,0.03016083,0.0352152,48.84,59.14,38.58,33.416,0.0334439262720646,0.0365133254020333,0.0301388115163269,0.23132075524924
"130","Dallas","IA","Dallas_IA",1,0.63421557,0.08808272,0.10785956,0.11310188,0.09408865,0.13486037,50.06,60.38,39.7,32.296,0.031477302993892,0.0319303127122748,0.0296972950190217,0.168813833149004
"131","Davis","IA","Davis_IA",1,0.27281947,0.04032556,0.35550228,0.3652424,0.26010313,0.2821975,51.26,61.36,41.14,37.088,0.0208566480856872,0.0213612286542515,0.0227113439509929,0.189765891082598
"132","Decatur","IA","Decatur_IA",1,0.202915,0.04176578,0.4151332,0.437772683,0.24678565,0.27865774,51.44,61.92,41.02,37.826,0.0246897233566975,0.0256218603692691,0.0239106773968586,0.168576655960762
"133","Delaware","IA","Delaware_IA",1,0.6811608,0.05130605,0.11211308,0.113670848,0.09309899,0.10886046,47.34,57.08,37.56,41.068,0.025810810974408,0.0266385112946716,0.0249471922792812,0.219206849754177
"134","Des Moines","IA","Des Moines_IA",1,0.47087004,0.09996877,0.09039967,0.091794676,0.20381644,0.25708094,51.5,61.06,41.9,38.568,0.0225192495237732,0.0219602886234677,0.0246875427990182,0.176008232156876
"135","Dickinson","IA","Dickinson_IA",0,0.6591721,0.06142987,0.09862004,0.101850011,0.00036134,0.08767549,45.78,55.54,35.98,34.656,0.0396327424378916,0.0427140910398522,0.0365245614252352,0.293442669500671
"136","Dubuque","IA","Dubuque_IA",1,0.44255282,0.09287817,0.17619564,0.178474885,0.17470327,0.22067784,47.88,57.22,38.54,41.098,0.0236015924586744,0.0242601233032283,0.0248604869060788,0.237509274940841
"137","Emmet","IA","Emmet_IA",0,0.75722383,0.04567246,0.0815403,0.08342771,0.00197823,0.06267043,45.66,55.36,35.96,33.932,0.0400734577712928,0.0426813092036115,0.0375468624161739,0.29066823133107
"138","Fayette","IA","Fayette_IA",1,0.64260334,0.05137442,0.13919746,0.14169845,0.11449441,0.12914458,46.42,56.36,36.46,41.318,0.0311584398651694,0.0304902327107025,0.0340142973075754,0.219917641312891
"139","Floyd","IA","Floyd_IA",1,0.74745101,0.05707309,0.08918464,0.090302495,0.04698962,0.07129517,46.56,56.18,36.98,40.224,0.0343843905821008,0.0347531929138221,0.0342800172315754,0.234540645384385
"140","Franklin","IA","Franklin_IA",1,0.83321662,0.05012255,0.05673871,0.057745154,0.0146763,0.04010206,47.16,57.1,37.18,36.646,0.0323879584141179,0.0342962452321649,0.0309831861276691,0.262605231150377
"141","Fremont","IA","Fremont_IA",1,0.54378954,0.04703146,0.08597082,0.086841787,0.07784636,0.14141314,51.82,62.32,41.32,34.362,0.0291833856096236,0.0322804185763363,0.0242859123026178,0.185458605871762
"142","Greene","IA","Greene_IA",1,0.81551721,0.04528171,0.0639904,0.066102305,0.03146688,0.0579061,49.08,59.46,38.72,32.994,0.0318722285220236,0.0327757452450287,0.0313341960497998,0.241443304528766
"143","Grundy","IA","Grundy_IA",1,0.88376676,0.04948023,0.04503221,0.045521624,0.0044639,0.0136526,47.86,57.94,37.84,36.63,0.0307650017873898,0.0310570306987244,0.0311906503674853,0.228847272377444
"144","Guthrie","IA","Guthrie_IA",1,0.56318087,0.04526591,0.20818824,0.216863251,0.12331311,0.14490065,49.3,59.88,38.74,32.974,0.0303243740116147,0.032066737535783,0.0276573985255114,0.214364121554969
"145","Hamilton","IA","Hamilton_IA",1,0.83402361,0.05432705,0.04744475,0.048977544,0.02798701,0.04530559,47.68,57.8,37.48,35.302,0.0318902312227319,0.0346453017205896,0.0300323091040666,0.291544591526258
"146","Hancock","IA","Hancock_IA",0,0.83861265,0.05051521,0.05770565,0.058481348,0.00934604,0.03524111,46.22,56.14,36.3,34.988,0.034966860840912,0.0371852927272117,0.0324203919998342,0.248805654274634
"147","Hardin","IA","Hardin_IA",1,0.78251479,0.05734351,0.07484561,0.076384273,0.04290038,0.06483125,47.92,58.02,37.78,35.744,0.0312116107942308,0.0323457295765474,0.0315636954701193,0.252489083651624
"148","Harrison","IA","Harrison_IA",1,0.65146378,0.04685547,0.10132266,0.101845105,0.10423487,0.13412927,50.06,60.48,39.68,33.58,0.0340941130640203,0.0373655299725287,0.0296801825008816,0.223517505075501
"149","Henry","IA","Henry_IA",1,0.5175894,0.06229544,0.15512621,0.157448656,0.20640069,0.22235035,50.44,60.44,40.48,38.212,0.0275639116438376,0.0229437914506272,0.0390363108204115,0.157565323652357
"150","Howard","IA","Howard_IA",1,0.73686313,0.04466723,0.10938193,0.111791759,0.05615761,0.07377448,45.14,54.98,35.3,41.064,0.0331782199606403,0.0331758199151601,0.0354390821620306,0.23974215149235
"151","Humboldt","IA","Humboldt_IA",1,0.85463389,0.04790861,0.03920199,0.039772776,0.00712763,0.04137757,47.3,57.34,37.18,32.004,0.0360029310061869,0.03857713041841,0.0356006285266795,0.250964361334629
"152","Ida","IA","Ida_IA",1,0.82391529,0.04585371,0.08947777,0.091053958,0.00572214,0.01294601,48.04,57.96,38.12,30.52,0.0348504628339052,0.0379297535415347,0.0305588517700387,0.163528069347864
"153","Iowa","IA","Iowa_IA",1,0.57366883,0.0484128,0.19536083,0.197650519,0.06821682,0.1249732,49.44,59.84,39.08,35.192,0.0250433610829793,0.0271165132023885,0.023826211559846,0.233012041217929
"154","Jackson","IA","Jackson_IA",1,0.37623874,0.04564535,0.21066622,0.213772408,0.1830205,0.30506166,49.22,58.68,39.76,40.538,0.023404202767711,0.0231915825987785,0.0233646361418382,0.201593592429346
"155","Jasper","IA","Jasper_IA",1,0.68818179,0.05836756,0.14311356,0.145119315,0.04640487,0.08465176,49.84,59.78,39.84,35.04,0.0280037661675248,0.0285701357457193,0.025756974964589,0.232160040798781
"156","Jefferson","IA","Jefferson_IA",1,0.47441738,0.05503444,0.2058924,0.209778048,0.20911619,0.22369246,50.1,60.14,40.12,36.618,0.0247698076766284,0.0209207395910231,0.031498620477416,0.144249478735094
"157","Johnson","IA","Johnson_IA",1,0.4917999,0.10338229,0.15417554,0.157133236,0.0992178,0.17277971,48.94,58.58,39.24,39.278,0.0231445831461285,0.0230106081218909,0.023467613523387,0.201546140998678
"158","Jones","IA","Jones_IA",1,0.5996083,0.04998582,0.13539922,0.13788753,0.13012088,0.16950559,49.42,59.68,39.12,37.69,0.0260470481667843,0.0247796733455756,0.0287732859207673,0.213464004939578
"159","Keokuk","IA","Keokuk_IA",1,0.58124015,0.04615861,0.19494123,0.197896926,0.10211609,0.14424978,50.18,60.52,39.82,34.762,0.0230427891902148,0.0222729911397946,0.0256963882316152,0.179979813108188
"160","Kossuth","IA","Kossuth_IA",0,0.83903895,0.04540747,0.05212151,0.053159174,0.00578527,0.03950223,46.4,56.28,36.52,33.836,0.0380374193851784,0.0385494343960864,0.0379617236048705,0.267416928151401
"161","Lee","IA","Lee_IA",1,0.39950439,0.0664976,0.13217304,0.134745634,0.28767427,0.32071688,51.92,61.4,42.4,39.508,0.0212476353937159,0.0209205742323536,0.0248482399831433,0.192733382855312
"162","Linn","IA","Linn_IA",1,0.54638606,0.14935885,0.11162854,0.113194791,0.10171394,0.15448867,48.3,58.48,38.16,37.096,0.0286134057165326,0.0268582190051943,0.0315881681452917,0.19118138288533
"163","Louisa","IA","Louisa_IA",1,0.53022736,0.04616674,0.10440489,0.105486615,0.11384029,0.2328834,50.82,60.76,40.84,38.734,0.0269586087340467,0.0234666407144668,0.0349984209096129,0.138317641936761
"164","Lucas","IA","Lucas_IA",0,0.22277704,0.04303634,0.36045764,0.378367943,0.28013184,0.31722483,50.7,61.12,40.3,37.736,0.0259801575390917,0.025853891721372,0.0275758198150036,0.1149708521579
"165","Lyon","IA","Lyon_IA",0,0.80388684,0.04631596,0.07899585,0.080459947,0.01654111,0.03815097,46.3,56.46,36.18,32.778,0.0401170099805761,0.0432505396703531,0.0362173429083465,0.350939867337753
"166","Madison","IA","Madison_IA",1,0.40355992,0.04379299,0.29283252,0.304593044,0.17282526,0.20935912,50.2,60.66,39.74,32.62,0.0307638350826305,0.0297102019810585,0.0307469499629712,0.134886572654811
"167","Mahaska","IA","Mahaska_IA",1,0.61767928,0.05757693,0.1709559,0.173232961,0.0817358,0.11986847,50.48,60.78,40.18,34.854,0.0236642443090617,0.0247448943869967,0.0224268398727104,0.194621201429527
"168","Marion","IA","Marion_IA",1,0.40010045,0.05982793,0.20370966,0.208140849,0.15786517,0.23180308,50.44,60.68,40.22,35.486,0.0265099360038807,0.0261714008320439,0.0274848604782407,0.16242984839823
"169","Marshall","IA","Marshall_IA",1,0.74941187,0.06527073,0.09667599,0.09835465,0.02897968,0.06434852,48.78,58.84,38.66,34.708,0.0292586119158414,0.0305110735418237,0.027895105462065,0.249744094142593
"170","Mills","IA","Mills_IA",1,0.62432599,0.05239662,0.11580868,0.116859225,0.08462118,0.10609595,51.4,61.82,40.9,34.176,0.0283606609671464,0.031685962133913,0.0232595325066509,0.213640426408321
"171","Mitchell","IA","Mitchell_IA",1,0.78635098,0.0503889,0.06752012,0.068446363,0.04344937,0.0658057,45.74,55.34,36.16,39.27,0.0368955367026305,0.0371998613658023,0.0377466144891947,0.214078893210678
"172","Monona","IA","Monona_IA",0,0.69399817,0.04986683,0.16951369,0.174493456,0.05233282,0.06354906,49.26,59.62,38.88,31.478,0.0344091072950201,0.0376998566845657,0.0279629175410018,0.196344736655884
"173","Monroe","IA","Monroe_IA",0,0.67785316,0.04580468,0.09928402,0.099705686,0.10051324,0.13295932,50.92,61.18,40.64,36.552,0.0240683640217652,0.0243647833857,0.0259009790687811,0.156572513914806
"174","Montgomery","IA","Montgomery_IA",1,0.18807656,0.0419852,0.34074372,0.355529475,0.35814044,0.37756743,50.88,61.38,40.32,34.954,0.0274243203342085,0.0305967885901779,0.0248882414767899,0.194355833905754
"175","Muscatine","IA","Muscatine_IA",1,0.54638513,0.07960674,0.11508769,0.116338976,0.06831215,0.18433274,49.84,60.02,39.72,38.56,0.0241854834756086,0.0220216807021321,0.0301799936626204,0.166358296470653
"176","O'Brien","IA","O'Brien_IA",0,0.84501057,0.05231042,0.04627945,0.051561656,0.0010565,0.03541712,46.6,56.76,36.42,33.48,0.0403752955412592,0.0417402584975083,0.0390919138390212,0.312118925436083
"177","Osceola","IA","Osceola_IA",0,0.83639963,0.05027845,0.03366541,0.036105824,0.00036814,0.03825048,45.66,55.4,35.86,34.138,0.041830350893783,0.0439374059373216,0.0400533945549799,0.34232954464979
"178","Page","IA","Page_IA",1,0.67027198,0.04947802,0.16900985,0.172671007,0.07929238,0.08877788,51.66,62.14,41.18,34.7,0.0267383610527789,0.0292249701825604,0.0238177752991534,0.178747893204044
"179","Palo Alto","IA","Palo Alto_IA",0,0.76146311,0.04573472,0.06236438,0.064033824,0.0011446,0.05248354,46.82,56.78,36.88,33.458,0.0358795589099252,0.0375755839467266,0.03511362113488,0.29429427504834
"180","Plymouth","IA","Plymouth_IA",1,0.77010654,0.05046433,0.10812034,0.108621782,0.02586453,0.04640321,47.84,58.26,37.4,30.19,0.0388706070805279,0.0413837346925473,0.0349132750192529,0.297088154018217
"181","Pocahontas","IA","Pocahontas_IA",0,0.87202068,0.04611226,0.0314124,0.031718097,0.00375368,0.02796279,47.26,57.34,37.22,32.34,0.0354887864515138,0.0368430652141618,0.0345847694895885,0.269035534139614
"182","Polk","IA","Polk_IA",1,0.39483538,0.29912248,0.11046164,0.116905473,0.06130154,0.12972896,50.3,60.16,40.38,34.744,0.0307669732416345,0.0314201808550998,0.0303001365412239,0.208649133202155
"183","Pottawattamie","IA","Pottawattamie_IA",1,0.69664716,0.07974409,0.10006507,0.10087957,0.05022659,0.06593221,50.6,61.02,40.18,33.374,0.0301342898853299,0.0329477643602169,0.0261856813092337,0.241304402086706
"184","Poweshiek","IA","Poweshiek_IA",1,0.70589164,0.0526689,0.15607883,0.157824094,0.03753222,0.05240419,49.4,59.56,39.24,36.71,0.0251207968542325,0.0282597683914318,0.0205933780334729,0.243341002232818
"185","Ringgold","IA","Ringgold_IA",0,0.3018679,0.03933909,0.41980281,0.450153989,0.13746208,0.15761733,51.1,61.4,40.82,37.828,0.02463733524856,0.0267864563573266,0.0219388664157159,0.150182341260885
"186","Sac","IA","Sac_IA",1,0.83719142,0.0514402,0.06379654,0.06470237,0.01030938,0.02678127,48.2,58.18,38.24,30.886,0.0358447148198568,0.0379579422645712,0.0335707249704628,0.204150647371768
"187","Scott","IA","Scott_IA",1,0.57716765,0.17407052,0.07627736,0.078110328,0.02351028,0.11582789,50.5,59.98,40.98,40.178,0.0255514611892355,0.0226582824522767,0.0317884218047478,0.166634586987876
"188","Shelby","IA","Shelby_IA",1,0.84548316,0.04520564,0.07278534,0.074426113,0.01457007,0.01923658,49.3,59.66,38.88,34.208,0.0322955037080947,0.0350113903447159,0.0288364226711398,0.243138312535783
"189","Sioux","IA","Sioux_IA",0,0.82757226,0.06211605,0.04430045,0.045389613,0.00915124,0.03494357,46.86,57.16,36.62,32.434,0.0395398135850683,0.0416507379704772,0.0358862293850344,0.346063068046066
"190","Story","IA","Story_IA",1,0.75885257,0.09138583,0.0701712,0.072703254,0.03696584,0.06000705,49.1,59.18,38.96,35.328,0.0305838236612652,0.0323137618059518,0.0292990311604231,0.296239503998164
"191","Tama","IA","Tama_IA",1,0.68348468,0.04753393,0.13059293,0.132780628,0.05143224,0.10979215,48.32,58.52,38.12,35.618,0.0292457057979131,0.0311923560057543,0.0263246037865731,0.219180312610659
"192","Taylor","IA","Taylor_IA",1,0.50832807,0.04113195,0.26664898,0.280847574,0.12585339,0.1373978,51.12,61.46,40.78,36.968,0.0261499842182332,0.0279601287923071,0.0257420764531843,0.150250472561442
"193","Union","IA","Union_IA",1,0.40816139,0.04941265,0.32564454,0.34547029,0.11829184,0.14139895,50.2,60.76,39.6,35.586,0.0276383205687482,0.0288746376245164,0.0267843477722177,0.176589146510916
"194","Van Buren","IA","Van Buren_IA",1,0.29841637,0.04082071,0.23791426,0.244003718,0.34494971,0.36215957,50.76,60.5,41.02,36.744,0.0245902029576516,0.0230517779850932,0.0301247785111298,0.189444642869921
"195","Wapello","IA","Wapello_IA",1,0.36680998,0.07397727,0.23478669,0.242480476,0.24344059,0.26689395,51,61.06,40.96,35.666,0.0209813083912085,0.0194332092685114,0.0229414257047529,0.166257532133172
"196","Warren","IA","Warren_IA",1,0.36259668,0.06276374,0.28538567,0.294713517,0.16574138,0.24110672,50.76,61.06,40.44,35.518,0.029273720442879,0.027904016364866,0.0315512124782128,0.172282431127045
"197","Washington","IA","Washington_IA",1,0.56952299,0.05369118,0.17938143,0.181527009,0.11424744,0.15663349,50.1,60.28,39.86,37.744,0.0254442091496646,0.023295938528921,0.0309099705594811,0.148512016179425
"198","Wayne","IA","Wayne_IA",0,0.35401891,0.03917172,0.36806833,0.389104953,0.16172136,0.17621775,50.86,61.48,40.28,38.8,0.0245418541512071,0.0235821011053213,0.0278341636905144,0.154169066353467
"199","Webster","IA","Webster_IA",1,0.77813545,0.06199309,0.05288653,0.053723375,0.07018972,0.08814856,47.9,58.04,37.72,33.514,0.0339208284118412,0.0366830515198852,0.0323283694199766,0.274940702446216
"200","Winnebago","IA","Winnebago_IA",0,0.80454492,0.05119706,0.06905361,0.069962964,0.01507597,0.05914947,45.5,55.12,35.86,34.838,0.0372655493578311,0.0386433866844893,0.0338447326791942,0.25527154753506
"201","Winneshiek","IA","Winneshiek_IA",1,0.49622415,0.04827485,0.21536141,0.218934947,0.16579802,0.17676566,46.08,55.82,36.32,41.278,0.0350730969632585,0.0334290897507654,0.0385659169491038,0.250321929061285
"202","Woodbury","IA","Woodbury_IA",1,0.68137056,0.08179559,0.12972977,0.130224898,0.04652341,0.0676158,48.56,58.92,38.24,30.19,0.0344772700687975,0.0395017812459925,0.028201484758458,0.21219157117826
"203","Worth","IA","Worth_IA",1,0.76928744,0.04951328,0.07358912,0.074816961,0.02447631,0.07435506,45.46,55.14,35.82,37.368,0.0379287057315685,0.0399108036373033,0.0365813363044103,0.229043255255792
"204","Wright","IA","Wright_IA",1,0.83355059,0.04958278,0.05635458,0.057166807,0.00910223,0.04365567,46.86,56.94,36.76,34.962,0.0335590589429083,0.0348956352849168,0.0311714396314063,0.245176954712745
"205","Adair","MO","Adair _MO",0,0.162531669,0.051814798,0.336145317,0.354607414,0.29228672,0.40341335,52.7,63.08,42.32,41.29,0.0221288496958076,0.0216610983543386,0.0237120485903632,0.180844539733531
"206","Andrew","MO","Andrew_MO",1,0.446217803,0.055624643,0.203722131,0.220660602,0.19817385,0.23268672,53.36,63.86,42.82,37.374,0.0236161679190755,0.0240969421380161,0.0240099265062585,0.166035946463222
"207","Atchison","MO","Atchison_MO",1,0.594716003,0.042250514,0.079618174,0.107705073,0.06731157,0.07162613,52.64,43.1,42.02,32.684,0.0269529314553746,0.0935728298379386,0.0240585472748217,0.159431725940099
"208","Audrain","MO","Audrain _MO",1,0.587858608,0.046681573,0.136997913,0.156515622,0.12774854,0.15982967,54.48,45.74,44.58,41.298,0.0177202913159283,0.094864983288664,0.0161289170141297,0.0890380638594816
"209","Barry","MO","Barry _MO",1,0.016007635,0.054596063,0.445937261,0.506199267,0.37479678,0.39911199,57.62,52.22,46.86,53.454,0.0118600135808885,0.0994810675318413,0.011352484915297,0.1335917598984
"210","Barton","MO","Barton _MO",1,0.291981366,0.042596884,0.147921953,0.170828783,0.2956462,0.36598188,57.22,50.44,46.68,48.134,0.0155038483860307,0.0971208437186432,0.0176263945421801,0.204798637969337
"211","Bates","MO","Bates_MO",1,0.321831161,0.03828892,0.141068653,0.19580109,0.32701575,0.38778582,56.64,49.36,46.26,47.824,0.0175934649270524,0.0877090488875772,0.0169248414449316,0.184765621801255
"212","Benton","MO","Benton_MO",0,0.074903809,0.051271361,0.508078643,0.543826825,0.22140717,0.25343418,56.3,49.34,45.74,45.572,0.0174031242826513,0.0873222539602371,0.0160359604905049,0.103584734610771
"213","Bollinger","MO","Bollinger_MO",1,0.095717604,0.033024135,0.613743092,0.64310358,0.13877697,0.20398924,57.14,49.7,46.58,53.56,0.0117138260627802,0.0835555323655779,0.00702251061992109,0.129423632295537
"214","Boone","MO","Boone _MO",1,0.136033718,0.103592925,0.419951476,0.462735553,0.20227876,0.2456903,55.6,47.12,45.7,42.096,0.0167275856454481,0.101050771748407,0.0159302185761062,0.114074144354145
"215","Buchanan","MO","Buchanan _MO",1,0.355447182,0.122878562,0.214452418,0.244725842,0.16181219,0.18969863,54.16,45.8,43.5,37.818,0.0206266470365863,0.0992429535140918,0.0202377205306425,0.164017224561434
"216","Butler","MO","Butler _MO",1,0.285438503,0.057945026,0.277446517,0.397670144,0.05802126,0.06667656,58.9,51.56,48.46,55.188,0.011133172367236,0.0859151580267008,0.00952371503030483,0.139419939772567
"217","Caldwell","MO","Caldwell_MO",0,0.264577256,0.044991659,0.199502626,0.212218095,0.33504168,0.43947232,53.68,44.9,43.3,39.038,0.0196444505610493,0.0889196649339739,0.016000469353985,0.20054054204507
"218","Callaway","MO","Callaway _MO",1,0.14509686,0.052136755,0.4518911,0.512205472,0.18796236,0.23067164,55.84,47.8,45.6,42.686,0.0160476839664899,0.099553897207778,0.0154289992099455,0.0842496374096346
"219","Camden","MO","Camden_MO",1,0.001396146,0.081407532,0.673193554,0.694162425,0.13845725,0.14548054,57.36,51.04,46.6,45.616,0.0169744232142791,0.0959291346813401,0.019012923977113,0.065271028389275
"220","Cape Girardeau","MO","Cape Girardeau _MO",1,0.221224734,0.094822133,0.339042941,0.361830126,0.17082569,0.23571421,57.68,50.1,47.3,52.328,0.0107852503571399,0.0896094218632138,0.00668557644855897,0.152167245319666
"221","Carroll","MO","Carroll_MO",1,0.30881531,0.041998284,0.149259168,0.185857749,0.1986987,0.24896621,54.28,45.44,44.24,41.084,0.0199019480851974,0.0926598406122589,0.0176976303174172,0.166503880765842
"222","Carter","MO","Carter_MO",0,0.000503734,0.036577074,0.79603514,0.894430343,0.05713503,0.06309297,57.64,51.48,46.38,52.344,0.011931817393511,0.0861998232498862,0.00969047220967843,0.154522165454459
"223","Cass","MO","Cass_MO",1,0.239828117,0.108647557,0.184582443,0.198454143,0.37062786,0.42773001,55.92,48.2,45.9,45.928,0.017539627804348,0.0989237203434203,0.0185505298103773,0.136908605946205
"224","Cedar","MO","Cedar _MO",1,0.033523812,0.041960881,0.458140378,0.475099472,0.34465298,0.39344898,57.38,50.8,46.8,47.914,0.0155585319767624,0.100538339532317,0.0188107017752767,0.133976297299028
"225","Chariton","MO","Chariton _MO",1,0.336789956,0.040271535,0.129964738,0.215629588,0.1863507,0.25120707,54.58,45.32,44.64,40.624,0.0206637921287969,0.0914500098594903,0.0187825034195829,0.147305736184861
"226","Christian","MO","Christian _MO",1,0.005168735,0.080697267,0.483695377,0.535688903,0.36105749,0.37267259,56.82,51.2,45.74,50.544,0.012593131869059,0.100988084146836,0.0113180403196719,0.0583639158399269
"227","Clark","MO","Clark_MO",0,0.317409317,0.036981454,0.291542902,0.336733436,0.1359107,0.19396027,52.36,42.38,42.74,39.792,0.0206405746158996,0.0968070327887349,0.0217355623069604,0.183387283326058
"228","Clay","MO","Clay _MO",1,0.13231028,0.262109569,0.190735558,0.207099438,0.29614596,0.33587376,54.76,46.72,44.42,37.272,0.0179204827251236,0.0970812643354476,0.0169516889662465,0.172048369862556
"229","Clinton","MO","Clinton_MO",1,0.375934859,0.056979259,0.165932062,0.171880846,0.31041116,0.36282082,53.64,45.42,43.02,37.808,0.0202769954230853,0.095581531602627,0.0171131216358028,0.189587560262843
"230","Cole","MO","Cole _MO",1,0.046217897,0.100120635,0.406897602,0.508386293,0.22090385,0.29907216,56.94,49.58,46.76,43.806,0.0153406868998402,0.0922340465479809,0.0156130985872061,0.0481513901194795
"231","Cooper","MO","Cooper _MO",0,0.316345742,0.042953747,0.276608594,0.311227516,0.18790264,0.26752819,55.7,47.88,45.5,41.524,0.0179533213644524,0.0964179652214102,0.0160755371849756,0.0950446796015814
"232","Crawford","MO","Crawford_MO",1,0.001907836,0.043782138,0.729169354,0.782296991,0.14670574,0.16503143,55.54,49.8,43.68,46.802,0.0154150916766323,0.0977253763846894,0.0128898244141568,0.116875386268818
"233","Dade","MO","Dade_MO",1,0.10410115,0.036079046,0.284450402,0.298418894,0.44292424,0.48346576,57.48,68.3,46.62,48.506,0.0153353520327342,0.0169485166951541,0.0162227974270176,0.130570023516112
"234","Dallas","MO","Dallas _MO",0,0.007583462,0.042467387,0.518785368,0.557027375,0.36214521,0.38556313,56.3,63.52,45.4,49.324,0.0134686952825072,0.023467214224451,0.0138433976761856,0.0899761074359377
"235","Daviess","MO","Daviess_MO",1,0.324643532,0.043720642,0.21488862,0.237350513,0.28874168,0.35836012,53.08,63.52,42.62,39.958,0.022583823441584,0.023467214224451,0.0219101220646246,0.215874630907894
"236","DeKalb","MO","DeKalb_MO",1,0.341908661,0.049104934,0.159392392,0.167251192,0.33169402,0.41261805,52.98,63.7,42.24,39.328,0.0229003410918884,0.0239113755286151,0.0219928487926015,0.225466045109113
"237","Dent","MO","Dent_MO",1,0.000773667,0.035094793,0.68727011,0.735848787,0.21516272,0.22569275,55.62,66.82,44.4,48.946,0.0154348623022904,0.0176885295625171,0.016162950556765,0.117904099752984
"238","Douglas","MO","Douglas_MO",1,0.001003503,0.034359245,0.640790144,0.682656867,0.27601192,0.2807028,56.96,68.04,45.86,53.774,0.0129963170809844,0.0134541945812414,0.0121015585918112,0.104297297221892
"239","Dunklin","MO","Dunklin _MO",0,0.317537276,0.064595627,0.01184226,0.087971485,0.0090623,0.01223544,60.36,70.28,50.46,55.118,0.00926878776056948,0.0110856865001607,0.00836108724127188,0.155781300266065
"240","Franklin","MO","Franklin _MO",1,0.062316156,0.076879659,0.465844926,0.6316206,0.13716609,0.18814935,55.96,67.18,44.76,43.75,0.0154034038166619,0.0199264073006032,0.00929250864302297,0.152464253421675
"241","Gasconade","MO","Gasconade_MO",1,0.039173643,0.041765438,0.572577826,0.674785901,0.13292378,0.2100126,55.8,66.82,44.8,42.402,0.014336917562724,0.0187338926348831,0.00892857142857142,0.120712327237598
"242","Gentry","MO","Gentry _MO",0,0.297998955,0.042593655,0.197749082,0.216166577,0.3105253,0.39930487,52.74,63.24,42.22,37.85,0.02492480352697,0.0242559954411705,0.0259136653654341,0.18910899583693
"243","Greene","MO","Greene _MO",1,0.012429353,0.190679218,0.264751978,0.306512659,0.45243547,0.47579262,56.86,67.78,45.98,49.408,0.013769665234656,0.0156971803815525,0.0119518326785855,0.0746183303222426
"244","Grundy","MO","Grundy_MO",0,0.354741624,0.046748465,0.186103844,0.219295893,0.26391795,0.33937878,52.98,63.14,42.86,40.022,0.0225870521731243,0.0246022078564633,0.020513396771193,0.196589406949473
"245","Harrison","MO","Harrison _MO",0,0.260009516,0.041327338,0.212642118,0.233555296,0.34404854,0.43623339,52.98,62.7,42.04,39.584,0.0225870521731243,0.0246822767791741,0.0243510635434248,0.180598377982111
"246","Henry","MO","Henry _MO",0,0.168440692,0.043711265,0.214587672,0.316545994,0.31154721,0.37862603,56.52,66.76,46.24,43.764,0.0181901106333686,0.0196047971699777,0.0165832954261945,0.110287496736127
"247","Hickory","MO","Hickory _MO",0,0.019227573,0.039366696,0.52620955,0.57834289,0.27948328,0.32538642,56.62,67.14,46.14,48.01,0.0142063423187497,0.0168706568241217,0.0140123362594231,0.109413200480555
"248","Holt","MO","Holt _MO",0,0.406955689,0.045352315,0.11945633,0.188674462,0.05620998,0.06374233,53.48,64.08,42.9,35.302,0.0235557569607682,0.025723041365967,0.0235995999199494,0.160229656043925
"249","Howard","MO","Howard_MO",1,0.22622959,0.036438232,0.374537835,0.406502688,0.18067956,0.24752355,55.32,65.2,45.4,40.208,0.0175445922755617,0.0205200738654289,0.0151806704318174,0.111811501455295
"250","Howell","MO","Howell _MO",1,0.002638753,0.045919922,0.534387432,0.570806564,0.37088102,0.37556712,57.78,68.74,46.78,51.714,0.014134660428588,0.0156884605348186,0.013804090885817,0.10382276055826
"251","Iron","MO","Iron_MO",1,0.001667159,0.031035308,0.833853206,0.883984858,0.06928092,0.07582956,55.42,67.04,43.82,52.48,0.0148466275212733,0.0169615390599043,0.0113416464078404,0.111019073457132
"252","Jackson","MO","Jackson _MO",1,0.123003685,0.403670681,0.220399827,0.234879201,0.16941649,0.18771183,55.44,65.34,45.5,41.628,0.0179742758562094,0.0181602656555756,0.0176509652793505,0.140932098617752
"253","Jasper","MO","Jasper_MO",1,0.151315356,0.116479634,0.226123141,0.232321696,0.35430245,0.41329993,58.06,68.7,47.4,47.652,0.0155775667304099,0.0163066641211121,0.0158579075721233,0.196258172119316
"254","Jefferson","MO","Jefferson _MO",1,0.022174482,0.140591462,0.560436221,0.734005306,0.0635365,0.07925998,57.08,68.7,46.4,46.67,0.015393050200763,0.0163066641211121,0.0104475858996042,0.168886476747146
"255","Johnson","MO","Johnson_MO",1,0.220723167,0.062107209,0.253961194,0.27331376,0.34430248,0.42061036,55.76,65.92,45.62,41.952,0.0174153850592686,0.0191405464752275,0.0166507049669732,0.0857463501010789
"256","Knox","MO","Knox _MO",0,0.385198479,0.034985418,0.21152068,0.248085287,0.19698024,0.26980453,52.5,62.76,42.2,41.848,0.0202478967861612,0.022718819149315,0.0219114241811694,0.18273823274003
"257","Laclede","MO","Laclede_MO",1,0.006323168,0.048585099,0.553105135,0.593564543,0.32676728,0.34545993,52.5,67.38,45.96,49.306,0.0202478967861612,0.0135778723793205,0.0154313518072212,0.0696630068485026
"258","Lafayette","MO","Lafayette _MO",1,0.503981655,0.059626768,0.158502749,0.173181221,0.16928026,0.20240098,55.1,65.22,44.94,41.362,0.017828387209064,0.0196174947581257,0.0178431866459541,0.0989061428006461
"259","Lawrence","MO","Lawrence _MO",1,0.05544748,0.062437782,0.234700895,0.248954385,0.53100869,0.60692564,57.26,67.88,46.56,51.124,0.013673474768469,0.015982561997779,0.0126700010341518,0.124204081174395
"260","Lewis","MO","Lewis_MO",1,0.376013052,0.0396314,0.249218141,0.288887774,0.13680301,0.18480003,52.92,62.7,43.1,41.256,0.0199713191090179,0.0231946404661068,0.0189205411024363,0.156399189887308
"261","Lincoln","MO","Lincoln_MO",1,0.212296368,0.06346765,0.289701514,0.429988541,0.13695751,0.18857102,55.12,65.38,44.9,41.98,0.0157325713996217,0.0185885421871145,0.0138192356859586,0.130516941487963
"262","Linn","MO","Linn _MO",1,0.249696237,0.045694255,0.183506254,0.23195525,0.31697102,0.41888513,53.48,63.46,43.48,40.47,0.0237037217132322,0.0264292475212504,0.0214150953946362,0.189586719429636
"263","Livingston","MO","Livingston_MO",0,0.351098331,0.043873764,0.16692682,0.238313985,0.19902695,0.25233326,53.62,63.62,43.56,41.006,0.0201469179795694,0.0236141389710167,0.0167600663438421,0.205909956770689
"264","Macon","MO","Macon_MO",0,0.228759446,0.04343515,0.296237949,0.319218413,0.26747285,0.36516473,53.62,63.72,43.48,41.888,0.0202330531221418,0.0225901496741326,0.0202078037134212,0.177092571931861
"265","Madison","MO","Madison_MO",1,0.005794657,0.035496119,0.764153953,0.822097067,0.11223246,0.13009717,55.86,67.02,44.76,53.278,0.0130696113486889,0.0169928242047245,0.00783542355529496,0.110934367676618
"266","Maries","MO","Maries_MO",1,0.014618193,0.031863741,0.550576561,0.625073482,0.27161538,0.32031783,56.88,67.48,46.28,43.726,0.0146249186660235,0.0167791106754216,0.0121656769751592,0.0835727700477275
"267","Marion","MO","Marion _MO",1,0.347299832,0.063360216,0.264561135,0.301537096,0.12602753,0.17606136,53.64,63.48,43.82,41.262,0.018389403871227,0.0197510119957877,0.0189836917782614,0.111308642775978
"268","McDonald","MO","McDonald _MO",1,0.004810302,0.053937768,0.625242789,0.633896292,0.28974075,0.30120489,59,69.86,48.18,53.96,0.012455032590423,0.0132204407546737,0.013077612288936,0.189631700699013
"269","Mercer","MO","Mercer_MO",0,0.178347384,0.036275377,0.286783498,0.332424438,0.3239862,0.42857707,51.72,61.9,41.52,38.704,0.0233784207272882,0.0246596728957573,0.024878538552248,0.179022140456304
"270","Miller","MO","Miller _MO",0,0.016386368,0.051842418,0.595461311,0.652018736,0.22181915,0.2624129,57.54,68.06,46.98,43.682,0.0157663099479204,0.0162155505863314,0.0171213942547384,0.0595832143251088
"271","Mississippi","MO","Mississippi _MO",1,0.537537915,0.046917658,0.001908955,0.087695695,0.00239348,0.00357965,59.16,69.12,49.16,53.332,0.00850221523999951,0.0101479617573786,0.0079567157101741,0.149116891482301
"272","Moniteau","MO","Moniteau_MO",0,0.135626275,0.04791161,0.309394874,0.358484886,0.34447425,0.4225293,56.22,66.32,46.14,42.714,0.0164183290775017,0.0169724207662909,0.0157485063932249,0.071746421380953
"273","Monroe","MO","Monroe_MO",0,0.335504145,0.034244491,0.267947375,0.301803639,0.18762176,0.24125572,54,63.88,44.16,40.324,0.0175682092231577,0.019564808766397,0.0178737203448108,0.0722260686161533
"274","Montgomery","MO","Montgomery_MO",1,0.320165635,0.045527021,0.350059424,0.414966124,0.1061179,0.15809798,55.2,65.64,44.78,41.434,0.0161526761776513,0.0189240632380931,0.0131546909111418,0.116861710681376
"275","Morgan","MO","Morgan _MO",0,0.054533989,0.054208001,0.57277077,0.591000426,0.22711426,0.26491468,38.68,65.64,45.64,43.506,0.0995497510660573,0.0189240632380931,0.0190130527168419,0.0615856020571954
"276","New Madrid","MO","New Madrid _MO",0,0.465089526,0.044219687,0.000636635,0.071243974,0.00119335,0.00181768,59.62,69.46,49.8,52.804,0.00944360165062681,0.0118106215387237,0.00737798115296137,0.166357851020794
"277","Newton","MO","Newton_MO",1,0.029451332,0.076984287,0.382855827,0.386921128,0.43400566,0.48688577,58.66,69.34,48,50.606,0.0132925937194803,0.0140417207322043,0.0143583841167606,0.192331856809168
"278","Nodaway","MO","Nodaway_MO",1,0.496511881,0.045323215,0.12895496,0.136063621,0.24557642,0.29840628,52.56,62.88,42.24,35.138,0.0251904311912688,0.0255791248288436,0.023768750753809,0.162302947361962
"279","Oregon","MO","Oregon _MO",0,0.000199373,0.027899129,0.670081464,0.713585739,0.24915884,0.25550105,58.46,69.72,47.18,51.156,0.0123706361490007,0.0148157906008224,0.0105339327170744,0.140450699098059
"280","Osage","MO","Osage_MO",1,0.040552392,0.044575052,0.484243692,0.615886958,0.19666862,0.26385101,56.64,67.24,46.02,43.408,0.0142670224935289,0.0167137526437672,0.0114365035783927,0.061032874258388
"281","Ozark","MO","Ozark_MO",1,0.000327544,0.034374072,0.574740453,0.675250391,0.26628112,0.2702404,57.84,69.1,46.58,54.378,0.0142883495929422,0.0143992393213693,0.013526821813674,0.0975091974163546
"282","Pemiscot","MO","Pemiscot _MO",0,0.467650762,0.052298137,0.000892424,0.065129595,0.00047807,0.00104487,60.68,70.38,50.96,52.99,0.00843538819516791,0.0109323012569885,0.00754920881541259,0.184413037714509
"283","Perry","MO","Perry_MO",1,0.177303797,0.055508162,0.434462166,0.464285703,0.13515003,0.20320823,56.7,67,46.42,50.124,0.0122825293449595,0.0163158291858772,0.00825949569697579,0.110997777057286
"284","Pettis","MO","Pettis_MO",1,0.354858931,0.056369184,0.21818311,0.233058403,0.2554721,0.32730631,55.52,65.88,45.18,41.894,0.0191210836125219,0.0210984218019357,0.0177345955059851,0.098532505469128
"285","Phelps","MO","Phelps_MO",1,0.002466562,0.054448814,0.682611413,0.74384721,0.17788442,0.19455897,56.62,67.56,45.66,45.298,0.014424243722427,0.0169929220113276,0.0122528258700827,0.100738248326094
"286","Pike","MO","Pike_MO",1,0.268955081,0.040544873,0.327308473,0.406376292,0.11977379,0.18330967,54.5,64.4,44.58,42.416,0.0182104892121828,0.0219048695336427,0.0145718992991581,0.106192793434796
"287","Platte","MO","Platte _MO",1,0.24400692,0.142364657,0.250386612,0.286602099,0.19043185,0.21421612,55.06,65.44,44.68,39.714,0.0195442078493492,0.0197948715338769,0.019214123573263,0.153727128051975
"288","Polk","MO","Polk_MO",1,0.017043074,0.050783677,0.357970209,0.408170278,0.45885644,0.50444187,56.92,67.76,46.04,48.712,0.0131118117758575,0.0155344715076043,0.0134420056010129,0.102150995660208
"289","Pulaski","MO","Pulaski_MO",0,0.004995418,0.07147565,0.709148453,0.756285431,0.14920967,0.15836628,57.44,68.38,46.5,46.634,0.0139601811954941,0.0164611135598189,0.0138538695986292,0.103645906796651
"290","Putnam","MO","Putnam_MO",0,0.139789047,0.039539125,0.335101249,0.367896768,0.3239731,0.42833355,51.48,61.98,40.98,39.17,0.0222499161822476,0.0210179013481537,0.024608691528509,0.183670571252318
"291","Ralls","MO","Ralls_MO",1,0.357865346,0.044967301,0.295620691,0.324669898,0.12742226,0.18807159,54.12,63.88,44.4,39.762,0.0185879916333471,0.0196273362788447,0.0176625981321601,0.0729832423594687
"292","Randolph","MO","Randolph _MO",0,0.227458814,0.056362735,0.320300297,0.336854696,0.25735943,0.33448548,54.6,64.44,44.74,41.35,0.0181771366678381,0.0219077672148737,0.0166213611466949,0.127937999748944
"293","Ray","MO","Ray _MO",1,0.26233599,0.049886882,0.245595033,0.25971015,0.26320619,0.33128826,54.46,64.66,44.2,38.446,0.0183437293334442,0.0209670365976893,0.0159177005423872,0.147356312906415
"294","Reynolds","MO","Reynolds_MO",1,0.000553913,0.035007005,0.851801242,0.896749894,0.04783736,0.05328113,56.12,67.9,44.34,52.388,0.0143881890507387,0.0159642734820904,0.012916392479275,0.138427747584224
"295","Ripley","MO","Ripley_MO",0,0.02316423,0.034625243,0.662768481,0.76107204,0.12792713,0.14431708,58.52,69.52,47.5,53.304,0.00999329563719305,0.011570240248671,0.00976170367946915,0.151860957465664
"296","Saint Charles","MO","Saint Charles _MO",1,0.523495912,0.04269853,0.16053031,0.195142537,0.10483766,0.14102963,56.38,66.72,46.04,43.654,0.0163236259167699,0.0192349367232081,0.0126276645123794,0.160036456203131
"297","Saint Clair","MO","Saint Clair_MO",0,0.161840109,0.04306937,0.265153559,0.290374334,0.32603907,0.48382725,56.88,67.3,46.42,47.12,0.0166508586393131,0.0178615383063467,0.0175276567055648,0.119965954339285
"298","Saint Francois","MO","Saint Francois _MO",1,0.373043882,0.036383054,0.231645537,0.260586199,0.21614316,0.28978478,55.84,66.96,44.68,50.172,0.013906352907104,0.016650225486462,0.00886822415226452,0.095803510357678
"299","Saint Louis","MO","Saint Louis_MO",1,0.498498329,0.076468783,0.092385139,0.13096978,0.0368521,0.05062001,56.94,66.92,46.96,43.772,0.0166888500431396,0.0204454648852206,0.0124715080616238,0.160061440848504
"300","Saint Louis City","MO","Saint Louis City_MO",1,0.000121076,0.03468183,0.775546754,0.859481747,0.09857013,0.1026584,57.24,67,47.46,42.152,0.0181388502479628,0.0203281171222033,0.0143371477759831,0.172958335560329
"301","Sainte Genevieve","MO","Sainte Genevieve _MO",1,0.474695662,0.040393887,0.197320468,0.231326847,0.1587351,0.20927038,56.56,67.06,46.02,47.886,0.0142323987252462,0.0176630332476422,0.00914197477964476,0.098581433053983
"302","Saline","MO","Saline _MO",1,0.127034137,0.226733652,0.176537151,0.347850084,0.05190531,0.07548967,55.2,65.22,45.16,40.37,0.0183856731251671,0.0198557244319897,0.017407656339268,0.0802853265804345
"303","Schuyler","MO","Schuyler_MO",0,0.100491223,0.034167933,0.469652088,0.517770482,0.23140259,0.28937595,51.96,62.28,41.64,40.138,0.0215430104987771,0.0218215122268394,0.022566781865194,0.199780471420386
"304","Scotland","MO","Scotland_MO",0,0.013955215,0.08840791,0.592520516,0.671601795,0.17209323,0.20654755,51.96,62.1,41.9,40.39,0.0219686346037352,0.0236391598323723,0.0232620390090906,0.19409608326018
"305","Scott","MO","Scott _MO",1,0.013701686,0.635124165,0.132129656,0.259781585,0.01645845,0.0205473,58.76,68.92,48.66,51.622,0.0079459615588351,0.0108773446395771,0.00515819991697951,0.165246178205978
"306","Shannon","MO","Shannon_MO",1,0.001030363,0.912837467,0.004457027,0.017776118,0.00224506,0.00262317,57.22,68.46,45.94,51.986,0.0140573768278156,0.0159545047279149,0.0119820278141253,0.129448755709239
"307","Shelby","MO","Shelby _MO",1,0.054463598,0.041361751,0.571646674,0.677473114,0.11365485,0.16949858,53.04,63.14,42.94,42.618,0.0193468680729492,0.0206378411520582,0.0193867306830623,0.12639556709719
"308","Stoddard","MO","Stoddard _MO",1,0.429276027,0.04856371,0.095738286,0.160597413,0.06476676,0.08115191,58.96,69,48.88,52.936,0.0100769679630346,0.0130434782608695,0.00684664506165363,0.153789538489077
"309","Stone","MO","Stone_MO",1,0.001574865,0.070789102,0.511891299,0.605328792,0.2248543,0.22909604,57.6,68.7,46.56,51.828,0.0126985580193817,0.0140750215471715,0.0112219505821418,0.0809548197341365
"310","Sullivan","MO","Sullivan_MO",0,0.123236321,0.034866678,0.295445153,0.328018902,0.38724939,0.4952243,52.32,62.48,42.2,38.716,0.021640947790089,0.0222177377626556,0.0222294585773622,0.176022393266833
"311","Taney","MO","Taney _MO",1,0.000460628,0.068751364,0.571907184,0.762036404,0.13278758,0.13488475,57.92,69.42,46.36,53.856,0.01436231653528,0.0156280078998738,0.0120678177141496,0.106050017982315
"312","Texas","MO","Texas_MO",1,0.00097859,0.035341349,0.59221135,0.656652405,0.29011057,0.3046418,56.36,67,45.7,49.498,0.0142276935391976,0.0165866498290245,0.0117837304313665,0.11164141180363
"313","Vernon","MO","Vernon _MO",0,0.233864704,0.042158214,0.194687178,0.27281431,0.3102032,0.37991579,56.92,67.24,46.64,48.062,0.0177172202887965,0.0182932874737478,0.0181678560585891,0.201802932275946
"314","Warren","MO","Warren_MO",1,0.138982252,0.062971866,0.511361548,0.609304459,0.07649187,0.11548393,37.8,66.44,44.96,42.28,0.100372336697304,0.0177003341968297,0.0118322385037993,0.180670295159855
"315","Washington","MO","Washington_MO",0,0.001624709,0.046514201,0.742079033,0.857829795,0.08113771,0.08734643,39.06,67.32,44.14,50.586,0.111250829448268,0.0180222826953097,0.0124706469818966,0.139607392366508
"316","Wayne","MO","Wayne_MO",1,0.007257933,0.032074628,0.764789828,0.85288096,0.0709615,0.08205581,57.28,68.2,46.36,53.806,0.01371322408286,0.0164589034608824,0.00947622201746713,0.127238225416033
"317","Webster","MO","Webster _MO",1,0.007510505,0.056590612,0.460623002,0.494629997,0.41739089,0.43597532,57.28,66.62,45.16,50.992,0.01371322408286,0.0138958712831379,0.0117798370932421,0.0656320663060958
"318","Worth","MO","Worth_MO",0,0.202261915,0.037225861,0.256135071,0.276706024,0.36542602,0.46214264,52.16,62.4,41.9,37.928,0.0245743024450373,0.0255657950858074,0.0225154680956004,0.141031036301091
"319","Wright","MO","Wright_MO",1,0.00192024,0.042750552,0.529547903,0.556211215,0.38415614,0.39632718,56.12,66.74,45.48,51.01,0.012935631798205,0.014550222818472,0.0119827850426022,0.0898993534810817
"320","Adams","NE","Adams_NE",1,0.75972968,0.06146554,0.00957575,0.02139565,0.11494247,0.11531779,51.46,63.06,39.88,29.214,0.0287115795751897,0.031668216724051,0.0252252283650136,0.221223750571011
"321","Antelope","NE","Antelope_NE",0,0.61488344,0.03839749,0.02686028,0.05185056,0.2212497,0.22421367,48.5,59.44,37.62,27.982,0.0356229949343732,0.0379485119242845,0.032305127277872,0.184738025023648
"322","Arthur","NE","Arthur_NE",0,0.0083474,0.00348849,7.5917e-05,0.02927529,0.94246528,0.94296255,48.78,61.8,35.78,20.722,0.032491369833799,0.0333191913947799,0.0326771311415629,0.202616313479013
"323","Banner","NE","Banner_NE",0,0.05396295,0.02462956,2.5543e-05,0.02132284,0.68635164,0.69258111,48.4,62.54,34.22,16.796,0.0318074469387203,0.0328977546499953,0.0301857662387299,0.292113342455851
"324","Blaine","NE","Blaine_NE",0,0.00994456,0.00413387,0.00036572,0.03826198,0.92603634,0.92832059,48.9,61.68,36.1,29.35,0.0363525334041537,0.0402127522644033,0.0295763940499482,0.181599604940496
"325","Boone","NE","Boone_NE",1,0.64040995,0.0347318,0.01427675,0.03305423,0.24237488,0.24534786,49.28,60.22,38.28,27.838,0.0326382988887517,0.0355650659927179,0.0292300955709496,0.163178067583621
"326","Box Butte","NE","Box Butte_NE",1,0.15981507,0.02496097,2.16e-05,0.00604736,0.49020694,0.4934422,47.32,61.14,33.48,17.552,0.0346408944507935,0.0397384530919937,0.0288351693814747,0.27974640839189
"327","Boyd","NE","Boyd_NE",0,0.14752841,0.02836844,0.04863977,0.08370336,0.60683055,0.60865079,48.66,59.82,37.48,27.664,0.0399710968609569,0.0478609217989646,0.0283245080620922,0.273766462700135
"328","Brown","NE","Brown_NE",0,0.06634724,0.0107083,0.00812137,0.09131985,0.80588981,0.80688426,48.8,61.44,36.1,27.66,0.0376458464567087,0.0436519674938731,0.0293158040007157,0.201814063437666
"329","Buffalo","NE","Buffalo_NE",1,0.4713876,0.05609578,0.00566671,0.05377222,0.35695499,0.35886904,50.62,62.6,38.64,28.372,0.0322013171583958,0.0345395340422359,0.0277892954359133,0.250556348028447
"330","Burt","NE","Burt_NE",1,0.74694589,0.03835309,0.03096828,0.04689094,0.07297825,0.0775587,49.9,60.4,39.42,31.75,0.0328987077342325,0.0360455977766179,0.0279852163785319,0.212155502450241
"331","Butler","NE","Butler_NE",1,0.72687033,0.04312427,0.0400177,0.04542893,0.12886968,0.13744232,50.38,61.08,39.64,31.794,0.0267558837590387,0.0291356695828717,0.0239723289973857,0.149381974414385
"332","Cass","NE","Cass_NE",1,0.69997787,0.05451543,0.10062137,0.11652875,0.07276572,0.08091384,51.64,62.1,41.18,34.12,0.0280823470864407,0.0307648521329191,0.0250251054453391,0.176848231252386
"333","Cedar","NE","Cedar_NE",1,0.66445014,0.03930143,0.03632765,0.04397965,0.17321509,0.17941194,48.34,58.94,37.7,27.926,0.0410777589866778,0.0437621479658741,0.03732426334077,0.280607256882256
"334","Chase","NE","Chase_NE",1,0.34591418,0.02738799,0.00049401,0.00686514,0.47354921,0.47484411,51.38,65.62,37.1,16.914,0.0305386563120429,0.0315161674351237,0.0283979885521637,0.198821557511415
"335","Cherry","NE","Cherry_NE",0,0.00592109,0.00430606,0.00123066,0.08396549,0.88373989,0.88431154,48.08,61.06,35.1,24.746,0.0401527446920413,0.0437400537160219,0.0348348127083689,0.235538450192129
"336","Cheyenne","NE","Cheyenne_NE",0,0.11157759,0.03300225,4.9628e-05,0.0035953,0.3709124,0.37214135,49.12,63.18,35.06,16.698,0.0301068995371325,0.0335459621189971,0.030759406079961,0.268637733581327
"337","Clay","NE","Clay_NE",1,0.74523747,0.05356266,0.01203412,0.02557604,0.1452378,0.14583683,51.7,62.92,40.5,29.062,0.026940789704418,0.0297843783219898,0.0242554107461587,0.205317011652053
"338","Colfax","NE","Colfax_NE",1,0.71578453,0.04521933,0.03019111,0.04518239,0.09730381,0.10911844,50.38,61.2,39.52,29.32,0.0356014238265539,0.038442125346466,0.0307519961587436,0.206274581652666
"339","Cuming","NE","Cuming_NE",1,0.77892324,0.04241854,0.02364468,0.03452537,0.07475553,0.08319497,49.38,60.16,38.62,30.338,0.0363223923123083,0.0383864512441353,0.0328243147908766,0.214554699325607
"340","Custer","NE","Custer_NE",1,0.20027387,0.02212156,0.01158768,0.03014488,0.69957482,0.70074,49.2,61.8,36.56,27.29,0.0340712492159353,0.0372871152809156,0.0282669818003584,0.215545473412429
"341","Dakota","NE","Dakota_NE",1,0.70575457,0.06367281,0.08659473,0.09998544,0.07939254,0.08262476,48.76,59.58,37.96,28.68,0.036242846123929,0.0398848896654498,0.0325105074161747,0.231300753171002
"342","Dawes","NE","Dawes_NE",0,0.01217008,0.0163985,0.00041422,0.10274075,0.7368547,0.75233687,47.86,61.12,34.62,16.418,0.0412258394472665,0.0435713501724584,0.0369005648126432,0.293618566629695
"343","Dawson","NE","Dawson_NE",1,0.41065071,0.04374502,0.00160295,0.0393148,0.42120593,0.4219034,50.38,63.16,37.58,24.56,0.0307629754125596,0.0344449953847696,0.0249906479656709,0.229402792601765
"344","Deuel","NE","Deuel_NE",1,0.21734339,0.03344925,0.00020416,0.00928947,0.27468871,0.27549048,49.74,63.56,35.92,18.862,0.0327463458312639,0.0349970112357439,0.0307120609588455,0.272814157261283
"345","Dixon","NE","Dixon_NE",1,0.68813387,0.03906073,0.07309935,0.08272935,0.13194462,0.1373712,48.22,58.84,37.56,27.26,0.0388365530402376,0.0421913498105954,0.0361440724420558,0.244363167839115
"346","Dodge","NE","Dodge_NE",1,0.74399977,0.06412327,0.02529856,0.04869345,0.05532183,0.0631611,50.6,61.16,40.04,32.02,0.0341731550707324,0.0363151699541962,0.0301567609353118,0.217570794065524
"347","Douglas","NE","Douglas_NE",1,0.24715564,0.47907884,0.05903469,0.08298012,0.1026093,0.11309,51.62,61.82,41.36,33.39,0.0286487970798905,0.0317890195911287,0.0248692279896012,0.244386289624938
"348","Dundy","NE","Dundy_NE",0,0.20039293,0.01770465,0.00010081,0.00913923,0.62355566,0.62392175,52.12,66.32,37.9,16.472,0.0243222378592413,0.0240641183563397,0.0293813422840634,0.154567159017703
"349","Fillmore","NE","Fillmore_NE",1,0.84023482,0.04425805,0.01741503,0.02490684,0.06251499,0.06578072,51.62,62.72,40.54,29.72,0.0267520671769919,0.0291035821660833,0.0245185468964759,0.188512555504876
"350","Franklin","NE","Franklin_NE",1,0.42600107,0.03231249,0.01263239,0.03851315,0.45527766,0.45572465,52.34,64.5,40.12,27.814,0.0287096732995978,0.0299630202947096,0.0278337871887211,0.180930931909513
"351","Frontier","NE","Frontier_NE",0,0.24392512,0.02501745,0.00023469,0.01943116,0.59123837,0.59138154,51.28,64.86,37.7,22.646,0.028339940911989,0.033542181753038,0.0221131724145001,0.232890083041189
"352","Furnas","NE","Furnas_NE",1,0.39591418,0.03534778,0.00038051,0.03055874,0.38256155,0.38285187,51.88,65.4,38.32,25.016,0.0265131054187346,0.0310551926782721,0.0198226816438757,0.170569855678587
"353","Gage","NE","Gage_NE",1,0.67402633,0.04768224,0.07068476,0.07169261,0.16140666,0.17642638,52.22,63.44,40.98,33.044,0.0280594500430031,0.0283425993723116,0.0276832655947131,0.215660678546895
"354","Garden","NE","Garden_NE",1,0.04610594,0.0119516,0.00011528,0.04951538,0.79612632,0.79751543,48.58,62.32,34.84,18.872,0.0322002671029419,0.03479476180057,0.0304843123934599,0.250758893613869
"355","Garfield","NE","Garfield_NE",0,0.04024802,0.01327571,0.01516196,0.05893225,0.8504403,0.85189937,48.48,60.28,36.7,29.326,0.0335910940360104,0.0384677490851092,0.0251951526006906,0.254797464430832
"356","Gosper","NE","Gosper_NE",0,0.42676736,0.03156407,0.0003522,0.03309645,0.43347668,0.43369279,51.06,63.88,38.24,23.95,0.0293967815685214,0.0323556936324704,0.0257288156406879,0.237119766225351
"357","Grant","NE","Grant_NE",0,0.00016498,0.0043762,1.7755e-05,0.08229838,0.89861606,0.8988369,47.62,61.04,34.22,22.084,0.0329833819282605,0.0352627862936998,0.0319049539776883,0.18427173366375
"358","Greeley","NE","Greeley_NE",1,0.33259675,0.02479467,0.00713688,0.01976707,0.5759531,0.57774259,49.22,60.68,37.78,28.672,0.0315861516268103,0.0361882874141191,0.0247877919924683,0.231799343110658
"359","Hall","NE","Hall_NE",1,0.63394795,0.0870146,0.00269195,0.06361074,0.16209822,0.16310127,51,62.62,39.42,29.894,0.0297044262893002,0.0326962220174251,0.0254564661680408,0.219053064723466
"360","Hamilton","NE","Hamilton_NE",1,0.821488,0.04628762,0.0129167,0.03495619,0.06777716,0.0688402,51.3,62.42,40.2,30.696,0.0270807875038008,0.0300229587314899,0.0236645492418413,0.194534613663746
"361","Harlan","NE","Harlan_NE",0,0.46524185,0.03775708,0.00332585,0.04702472,0.33246408,0.33315413,52.26,64.86,39.66,26.524,0.0274840170061535,0.030420423619275,0.0260575102022467,0.192982019936673
"362","Hayes","NE","Hayes_NE",0,0.22665679,0.01891216,0.00047492,0.01090975,0.60947001,0.60957626,51.08,64.8,37.36,20.18,0.0303413997902261,0.0347992971721595,0.0251520555906499,0.267479696131168
"363","Hitchcock","NE","Hitchcock_NE",0,0.20422737,0.02789668,6.2843e-05,0.01941249,0.4874953,0.48762055,52.18,66.16,38.18,19.138,0.0261157123895871,0.030241080100177,0.0250812249761637,0.259017281058904
"364","Holt","NE","Holt_NE",1,0.16790452,0.02354051,0.01659715,0.08334974,0.66050222,0.66310341,48.22,59.78,36.62,28.544,0.039304380723292,0.0443434078392274,0.0316342773513371,0.256583701552566
"365","Hooker","NE","Hooker_NE",0,0.00019426,0.00293161,8.7275e-05,0.01457488,0.97592668,0.97616274,47.88,61.2,34.6,25.532,0.0356097048581023,0.0382157371357075,0.0321186571833712,0.210445410448444
"366","Howard","NE","Howard_NE",1,0.40338967,0.03717956,0.0155589,0.05409263,0.42508523,0.42634768,50.44,62.04,38.78,29.684,0.0290902153997219,0.0332606735266309,0.0239411952314289,0.246501587890073
"367","Jefferson","NE","Jefferson_NE",1,0.57706249,0.04152461,0.07537794,0.0769729,0.25854016,0.2663613,52.64,63.88,41.36,32.188,0.0274504435686755,0.0282733370754902,0.0264082541990583,0.222189863110675
"368","Johnson","NE","Johnson_NE",1,0.51475833,0.04235785,0.11781944,0.12008185,0.27703537,0.29681641,52.06,62.88,41.2,32.934,0.0286072826602097,0.0304123477047746,0.0256295049538142,0.195194757960537
"369","Kearney","NE","Kearney_NE",1,0.78478344,0.0413637,0.00128938,0.01463184,0.11917244,0.1198969,51.2,62.86,39.5,28.018,0.0306335686354651,0.0334378603062329,0.0260033399799673,0.227407962847009
"370","Keith","NE","Keith_NE",1,0.21261408,0.02424814,0.00030681,0.02656632,0.59319847,0.59393164,50.14,63.14,37.08,19.614,0.0330014021410021,0.035104986027382,0.0311835804089801,0.242328630979223
"371","Keya Paha","NE","Keya Paha_NE",0,0.04695633,0.02444543,0.04274782,0.15056486,0.72864667,0.73105848,48.52,61.04,36.02,26.368,0.0414359559204542,0.0458510766850838,0.0346418117874827,0.218020751404813
"372","Kimball","NE","Kimball_NE",1,0.0687412,0.02453159,1.7554e-05,0.00190451,0.57571541,0.58021248,47.8,62.44,33.1,16.044,0.0303166877535344,0.0320027103411971,0.032186217149037,0.244270293840527
"373","Knox","NE","Knox_NE",0,0.32265544,0.03217366,0.08459529,0.11602822,0.41294226,0.41803798,48.66,59.6,37.72,27.94,0.0406001063363428,0.0444393377119095,0.0343316635062135,0.236503512562922
"374","Lancaster","NE","Lancaster_NE",1,0.53268996,0.13551648,0.07019509,0.07635496,0.20079116,0.22117485,51.72,62.66,40.78,33.872,0.0259908546232119,0.0276097813835412,0.0259166799227373,0.168538764937998
"375","Lincoln","NE","Lincoln_NE",1,0.16682434,0.024357,0.00054676,0.04615111,0.70881356,0.70922477,49.98,63.3,36.62,23.02,0.0326443310756512,0.0393044401409944,0.0254267708290219,0.229474961174175
"376","Logan","NE","Logan_NE",0,0.0908117,0.01133594,8.3988e-05,0.04039364,0.83374808,0.83498793,48.78,61.76,35.78,26.638,0.0357550845110667,0.0388364835383292,0.0317680765531198,0.23227902191024
"377","Loup","NE","Loup_NE",0,0.02786537,0.01028438,0.00556946,0.02607173,0.89489549,0.89612901,48.62,60.84,36.38,28.172,0.0352781968868733,0.0402040955100424,0.0264653213895787,0.26805775174668
"378","McPherson","NE","McPherson_NE",0,0.68258681,0.06056448,0.03124081,0.04337793,0.13506858,0.14783569,48.62,61.68,35.62,23.462,0.0347344003826977,0.0378732532452645,0.0305866169566869,0.214832443685379
"379","Madison","NE","Madison_NE",1,0.01107195,0.00345276,3.2703e-05,0.01601726,0.95351327,0.95436992,49.12,60.04,38.18,27.676,0.035449183810552,0.0382824409914283,0.0306230422274783,0.172762249063439
"380","Merrick","NE","Merrick_NE",1,0.53674761,0.04686334,0.00790778,0.07505756,0.21287429,0.21488694,51.04,62.4,39.62,30.682,0.0263808166990007,0.0292659973842142,0.0225327754877998,0.188100419830719
"381","Morrill","NE","Morrill_NE",0,0.08643837,0.0167788,0.00017768,0.03945445,0.75033915,0.75182711,48.9,62.96,34.8,16.744,0.0315816875490399,0.0345361573695728,0.0302748671058987,0.278280322917959
"382","Nance","NE","Nance_NE",1,0.44764628,0.03283005,0.04662923,0.1054497,0.30895583,0.31074157,50.36,61.52,39.18,29.168,0.028727570077612,0.0318612164850497,0.0239020618038656,0.166060849910316
"383","Nemaha","NE","Nemaha_NE",1,0.63737034,0.04290249,0.10229151,0.13157988,0.09641671,0.10431637,52.62,63.38,41.86,33.172,0.0274213933643903,0.0296522813779325,0.0242801260339644,0.169905466987774
"384","Nuckolls","NE","Nuckolls_NE",1,0.5521384,0.03778131,0.03552762,0.04138554,0.29849274,0.29952693,52.34,64.04,40.7,29.334,0.0252963137832076,0.0280987563817004,0.0229831534814124,0.206121536729694
"385","Otoe","NE","Otoe_NE",1,0.69021409,0.04870542,0.08470006,0.09804384,0.11350011,0.12641962,51.86,62.52,41.22,33.64,0.028424795621351,0.0309202203045886,0.026207611403797,0.150571626370045
"386","Pawnee","NE","Pawnee_NE",1,0.46967177,0.03474559,0.13310218,0.13591452,0.30625634,0.33032708,52.54,63.62,41.44,32.944,0.0271380489115152,0.0287563785077726,0.0267954954488249,0.217341757005167
"387","Perkins","NE","Perkins_NE",1,0.51995349,0.03189947,0.0004215,0.00200541,0.18989208,0.19121206,50.38,63.98,36.8,19.026,0.0325973510891245,0.0358364311327549,0.0280431622833564,0.245831626930975
"388","Phelps","NE","Phelps_NE",1,0.78071264,0.04589846,0.00065123,0.02091922,0.12292862,0.12316853,51.08,63.24,38.86,26.072,0.0297353399995177,0.0325143913029092,0.0279299301105818,0.232116963213633
"389","Pierce","NE","Pierce_NE",1,0.66696943,0.04150717,0.02354166,0.02900505,0.17877395,0.19081662,48.46,59.32,37.62,28.154,0.0374466055108687,0.0407803563431114,0.0329547591948324,0.191273090816115
"390","Platte","NE","Platte_NE",1,0.73633308,0.05489447,0.01906634,0.04389176,0.10375952,0.11025587,50.12,61.08,39.12,29.004,0.0310189621522666,0.0336403175038927,0.0276735554247942,0.173291087358892
"391","Polk","NE","Polk_NE",1,0.75373692,0.03997674,0.02009262,0.03804038,0.1203738,0.12453125,50.74,61.84,39.68,31.486,0.0249526283571405,0.0268794861135739,0.0212651442638397,0.148609086063073
"392","Red Willow","NE","Red Willow_NE",0,0.29045892,0.03459804,0.00010794,0.02267574,0.42870527,0.4290983,52.34,66.24,38.4,20.864,0.0262870341098436,0.0318212937629818,0.0199180449749718,0.189105088329334
"393","Richardson","NE","Richardson_NE",1,0.61649549,0.03841456,0.11030645,0.1356206,0.14188676,0.15577948,53.3,64.24,42.4,33.274,0.0236948047660696,0.0258752711902772,0.0228055184030822,0.166897127908077
"394","Rock","NE","Rock_NE",0,0.06074804,0.01124891,0.00916311,0.12490956,0.77238528,0.7738765,48.18,60.44,35.96,28.214,0.0385628033623698,0.0445281638366539,0.0294693254543692,0.245403563631353
"395","Saline","NE","Saline_NE",1,0.71624434,0.04743101,0.0638112,0.06619905,0.1282218,0.13887037,51.56,62.72,40.34,32.228,0.0279918579965294,0.0287741716222347,0.0267333856510519,0.202563404027331
"396","Sarpy","NE","Sarpy_NE",1,0.4220887,0.25101883,0.07560569,0.11753948,0.10564588,0.11641654,51.76,62.16,41.4,33.568,0.0284469278505502,0.0315782819973798,0.0255056909202208,0.23932101607575
"397","Saunders","NE","Saunders_NE",1,0.73093014,0.04652987,0.04271662,0.05316023,0.10821987,0.12374225,51.34,61.74,40.94,33.154,0.0289102191797117,0.0311470434183644,0.0275591845775639,0.202083245133187
"398","Scotts Bluff","NE","Scotts Bluff_NE",1,0.18128614,0.05555231,0.00014823,0.04464496,0.46871362,0.4748512,49.14,63.98,34.32,14.554,0.0304094950956746,0.0327557034008871,0.0290937900148406,0.29780795273754
"399","Seward","NE","Seward_NE",1,0.70156789,0.04766852,0.05635688,0.05986679,0.1462295,0.16010038,50.82,61.8,39.84,31.924,0.0261567399129593,0.0276741608033771,0.0245034434977224,0.162758888028124
"400","Sheridan","NE","Sheridan_NE",0,0.03794283,0.01390107,0.00021344,0.07487052,0.77193891,0.77462912,47.22,60.34,34.12,19.282,0.0378063759770348,0.0422133787866966,0.0321991652215059,0.231796724759045
"401","Sherman","NE","Sherman_NE",1,0.30708094,0.03591066,0.00666578,0.02815533,0.55857559,0.5599158,50,62.02,37.98,27.846,0.0295972971738975,0.0322355669029707,0.0251444684282534,0.256119200604299
"402","Sioux","NE","Sioux_NE",0,0.01223307,0.00738778,8.8284e-05,0.03743866,0.90812641,0.91336875,46.58,60.78,32.42,15.612,0.0358722173880728,0.0383282698091158,0.0324534446330972,0.298650630668153
"403","Stanton","NE","Stanton_NE",0,0.63992918,0.03709378,0.04450782,0.06076419,0.18826891,0.19916086,49.4,60.32,38.46,28.404,0.0385413618717809,0.0415846474671436,0.0348161596282277,0.19768469455
"404","Thayer","NE","Thayer_NE",1,0.69240554,0.04288921,0.03941187,0.04182704,0.172332,0.17634614,52.54,63.94,41.12,30.156,0.0261523624473813,0.0285096928666201,0.0239144353481314,0.218313523503262
"405","Thomas","NE","Thomas_NE",1,0.00127335,0.00366746,0.0001607,0.03090052,0.95644914,0.95717799,48.64,61.74,35.56,29.736,0.0352996316304848,0.0388490641938324,0.0314784821573807,0.161419904884113
"406","Thurston","NE","Thurston_NE",1,0.71267562,0.0398853,0.09107086,0.10531879,0.079423,0.08580127,48.92,59.5,38.3,29.97,0.0353289852101077,0.0380849384659653,0.0317100725887496,0.196491337593594
"407","Valley","NE","Valley_NE",1,0.27971128,0.03235594,0.02112252,0.04372466,0.55676127,0.55955675,49.16,60.98,37.28,28.846,0.0305329468447661,0.0353317499374277,0.0242457221855723,0.250601248502378
"408","Washington","NE","Washington_NE",1,0.63295444,0.05408419,0.07192845,0.10171428,0.11189325,0.11840611,50.96,61.12,40.82,33.294,0.0315684105999846,0.0343469501434427,0.0275749864091233,0.22780873828057
"409","Wayne","NE","Wayne_NE",1,0.80734489,0.04413349,0.01506753,0.01722265,0.07763973,0.08253597,48.56,59.4,37.68,28.082,0.0380999820881374,0.0410132246298984,0.036068040909967,0.173298065568223
"410","Webster","NE","Webster_NE",1,0.4279485,0.03568221,0.02663163,0.04080382,0.40449994,0.40538877,52.18,64.36,40.04,28.884,0.0268780715184791,0.0281955019120059,0.0251987977135453,0.19893174964985
"411","Wheeler","NE","Wheeler_NE",0,0.14033922,0.01271667,0.00590592,0.06563164,0.7310555,0.73498889,48.78,60.26,37.3,28.96,0.0343768328269858,0.0376704617710729,0.0297937141700977,0.238879034225338
"412","York","NE","York_NE",1,0.84704033,0.05096937,0.02250877,0.02997054,0.04960405,0.05160183,51.02,62.04,39.98,31.002,0.0250774795790858,0.0276282964036955,0.0221893497911124,0.16531331573609
